,0,1
contig_18477_1,0.0,1.0
contig_18295_3,1.0,1.0
contig_18477_3,1.0,1.0
contig_18477_2,1.0,1.0
contig_18477_5,1.0,1.0
contig_18477_4,1.0,1.0
contig_18295_5,1.0,0.0
contig_18295_4,1.0,1.0
contig_18295_9,1.0,0.0
contig_18295_8,1.0,1.0
contig_18295_1,1.0,1.0
contig_18343_2,1.0,1.0
contig_18297_5,1.0,1.0
contig_18297_4,1.0,1.0
contig_18297_7,0.0,0.0
contig_18297_6,1.0,0.0
contig_18297_1,1.0,1.0
contig_18307_9,1.0,1.0
contig_18297_3,1.0,1.0
contig_18297_2,1.0,1.0
contig_18295_7,0.0,0.0
contig_18307_8,1.0,1.0
contig_18297_9,1.0,0.0
contig_18297_8,1.0,0.0
contig_18295_6,1.0,0.0
contig_18291_7,1.0,1.0
contig_18291_6,1.0,1.0
contig_18291_5,1.0,1.0
contig_18291_4,1.0,1.0
contig_18291_3,1.0,1.0
contig_18291_2,1.0,1.0
contig_18291_1,1.0,1.0
contig_18275_19,1.0,1.0
contig_18291_9,1.0,1.0
contig_18291_8,1.0,1.0
contig_18293_9,1.0,1.0
contig_18293_8,1.0,1.0
contig_18435_1,1.0,1.0
contig_18435_7,1.0,1.0
contig_18435_6,1.0,1.0
contig_18435_5,0.0,1.0
contig_18435_4,1.0,1.0
contig_18293_1,1.0,1.0
contig_18293_3,1.0,1.0
contig_18293_2,1.0,1.0
contig_18293_5,1.0,0.0
contig_18293_4,1.0,1.0
contig_18293_7,0.0,0.0
contig_18293_6,0.0,0.0
contig_18429_5,1.0,1.0
contig_18305_3,1.0,1.0
contig_18438_6,1.0,1.0
contig_18438_4,1.0,1.0
contig_18305_2,1.0,1.0
contig_18438_2,1.0,1.0
contig_18438_3,1.0,1.0
contig_18438_1,1.0,1.0
contig_18305_5,1.0,1.0
contig_18475_5,1.0,1.0
contig_18475_4,1.0,1.0
contig_18475_3,1.0,1.0
contig_18475_2,1.0,1.0
contig_18475_1,1.0,1.0
contig_18305_4,1.0,1.0
contig_18305_7,1.0,1.0
contig_18429_6,1.0,1.0
contig_18305_6,1.0,1.0
contig_18535_1,1.0,1.0
contig_18429_7,1.0,0.0
contig_18298_6,1.0,1.0
contig_18298_7,1.0,1.0
contig_18298_4,1.0,1.0
contig_18298_5,1.0,1.0
contig_18298_2,1.0,1.0
contig_18298_3,1.0,1.0
contig_18432_6,1.0,1.0
contig_18298_1,1.0,1.0
contig_18298_8,1.0,1.0
contig_18298_9,1.0,1.0
contig_18323_11,1.0,1.0
contig_18323_10,1.0,1.0
contig_18323_13,1.0,1.0
contig_18323_12,1.0,1.0
contig_18323_14,1.0,1.0
contig_18540_2,1.0,1.0
contig_18540_3,1.0,1.0
contig_18539_6,0.0,1.0
contig_18539_4,1.0,1.0
contig_18539_5,1.0,1.0
contig_18539_2,1.0,1.0
contig_18429_2,1.0,1.0
contig_18539_1,1.0,1.0
contig_18532_1,1.0,0.0
contig_18532_3,1.0,1.0
contig_18532_2,1.0,1.0
contig_18532_4,1.0,1.0
contig_18429_3,1.0,1.0
contig_18435_3,1.0,1.0
contig_18435_2,1.0,1.0
contig_18447_2,1.0,1.0
contig_18447_3,0.0,1.0
contig_18447_4,1.0,1.0
contig_18447_5,1.0,1.0
contig_18447_6,1.0,1.0
contig_18354_6,1.0,1.0
contig_18449_2,1.0,1.0
contig_18449_3,1.0,1.0
contig_18449_1,1.0,1.0
contig_18449_6,1.0,1.0
contig_18449_4,1.0,1.0
contig_18449_5,1.0,1.0
contig_18530_5,1.0,1.0
contig_18530_4,1.0,1.0
contig_18530_3,1.0,1.0
contig_18530_2,1.0,1.0
contig_18530_1,1.0,1.0
contig_18321_13,1.0,1.0
contig_18321_12,1.0,1.0
contig_18321_11,1.0,1.0
contig_18321_10,1.0,1.0
contig_18321_17,1.0,1.0
contig_18321_16,1.0,1.0
contig_18321_15,0.0,1.0
contig_18321_14,1.0,1.0
contig_18277_22,1.0,1.0
contig_18291_20,0.0,0.0
contig_18356_8,1.0,1.0
contig_18441_2,1.0,1.0
contig_18441_3,1.0,1.0
contig_18441_1,1.0,0.0
contig_18441_6,1.0,0.0
contig_18441_4,1.0,1.0
contig_18441_5,1.0,1.0
contig_18443_8,1.0,1.0
contig_18306_15,1.0,1.0
contig_18443_4,1.0,1.0
contig_18443_5,1.0,1.0
contig_18443_6,1.0,1.0
contig_18443_7,1.0,1.0
contig_18443_1,1.0,1.0
contig_18443_2,1.0,1.0
contig_18443_3,1.0,1.0
contig_18445_6,1.0,1.0
contig_18459_1,1.0,1.0
contig_18445_4,1.0,1.0
contig_18445_5,1.0,1.0
contig_18445_2,1.0,1.0
contig_18445_3,1.0,1.0
contig_18445_1,1.0,1.0
contig_18459_3,1.0,1.0
contig_18278_23,1.0,1.0
contig_18306_13,1.0,1.0
contig_18278_22,1.0,1.0
contig_18278_21,1.0,1.0
contig_18278_20,1.0,1.0
contig_18267_23,1.0,1.0
contig_18267_22,1.0,1.0
contig_18267_21,1.0,1.0
contig_18267_20,1.0,1.0
contig_18267_27,1.0,1.0
contig_18267_26,1.0,1.0
contig_18267_25,1.0,1.0
contig_18267_24,1.0,1.0
contig_18267_29,1.0,1.0
contig_18267_28,1.0,1.0
contig_18564_1,1.0,1.0
contig_18564_2,1.0,1.0
contig_18298_14,1.0,1.0
contig_18298_15,1.0,0.0
contig_18298_16,1.0,1.0
contig_18438_5,1.0,1.0
contig_18298_10,1.0,1.0
contig_18298_11,1.0,1.0
contig_18298_12,1.0,1.0
contig_18298_13,1.0,1.0
contig_18562_2,1.0,1.0
contig_18562_3,0.0,1.0
contig_18562_1,1.0,1.0
contig_18453_1,0.0,0.0
contig_18300_15,1.0,1.0
contig_18560_4,0.0,1.0
contig_18560_1,1.0,1.0
contig_18560_2,1.0,1.0
contig_18560_3,0.0,1.0
contig_18566_4,1.0,1.0
contig_18566_2,0.0,0.0
contig_18566_3,1.0,0.0
contig_18566_1,1.0,0.0
contig_18321_9,1.0,1.0
contig_18321_8,1.0,1.0
contig_18321_3,1.0,0.0
contig_18321_2,1.0,1.0
contig_18321_1,1.0,0.0
contig_18321_7,0.0,1.0
contig_18321_6,1.0,0.0
contig_18321_5,1.0,0.0
contig_18321_4,1.0,0.0
contig_18323_9,1.0,1.0
contig_18323_8,1.0,1.0
contig_18323_5,1.0,1.0
contig_18323_4,1.0,1.0
contig_18323_7,1.0,1.0
contig_18323_6,1.0,1.0
contig_18323_1,1.0,1.0
contig_18323_3,1.0,1.0
contig_18323_2,1.0,1.0
contig_18489_1,0.0,0.0
contig_18329_3,1.0,1.0
contig_18329_2,1.0,1.0
contig_18329_1,1.0,1.0
contig_18366_8,1.0,1.0
contig_18366_9,1.0,1.0
contig_18329_5,1.0,1.0
contig_18329_4,1.0,1.0
contig_18366_4,1.0,1.0
contig_18366_5,1.0,1.0
contig_18366_6,1.0,1.0
contig_18366_7,1.0,1.0
contig_18366_1,1.0,0.0
contig_18366_2,1.0,1.0
contig_18366_3,1.0,1.0
contig_18360_8,1.0,1.0
contig_18360_9,1.0,1.0
contig_18360_6,1.0,1.0
contig_18360_7,1.0,1.0
contig_18360_4,1.0,1.0
contig_18360_5,1.0,1.0
contig_18360_2,1.0,1.0
contig_18360_3,1.0,1.0
contig_18360_1,1.0,1.0
contig_18340_12,1.0,1.0
contig_18340_13,0.0,1.0
contig_18340_10,1.0,1.0
contig_18340_11,1.0,1.0
contig_18471_4,1.0,1.0
contig_18326_8,1.0,1.0
contig_18326_9,1.0,1.0
contig_18358_6,1.0,1.0
contig_18326_1,1.0,1.0
contig_18326_2,1.0,1.0
contig_18326_3,1.0,1.0
contig_18326_4,1.0,1.0
contig_18326_5,1.0,0.0
contig_18326_6,1.0,0.0
contig_18326_7,1.0,0.0
contig_18268_19,1.0,0.0
contig_18268_18,1.0,0.0
contig_18268_13,1.0,1.0
contig_18268_12,1.0,1.0
contig_18268_11,0.0,0.0
contig_18268_10,1.0,0.0
contig_18268_17,1.0,0.0
contig_18268_16,1.0,1.0
contig_18268_15,1.0,1.0
contig_18268_14,1.0,1.0
contig_18364_2,1.0,1.0
contig_18364_3,1.0,1.0
contig_18364_1,1.0,1.0
contig_18364_6,1.0,1.0
contig_18364_7,1.0,1.0
contig_18364_4,1.0,1.0
contig_18364_5,1.0,1.0
contig_18352_13,1.0,1.0
contig_18534_2,1.0,1.0
contig_18369_9,1.0,1.0
contig_18369_8,1.0,1.0
contig_18369_7,1.0,1.0
contig_18369_6,1.0,1.0
contig_18369_5,1.0,1.0
contig_18369_4,0.0,1.0
contig_18369_3,1.0,1.0
contig_18369_2,1.0,1.0
contig_18369_1,1.0,1.0
contig_18322_4,1.0,1.0
contig_18322_5,1.0,1.0
contig_18322_6,1.0,1.0
contig_18322_7,1.0,1.0
contig_18322_1,1.0,0.0
contig_18322_2,0.0,1.0
contig_18322_3,1.0,1.0
contig_18319_10,1.0,1.0
contig_18319_11,1.0,1.0
contig_18319_12,1.0,1.0
contig_18322_8,1.0,1.0
contig_18322_9,1.0,1.0
contig_18324_6,1.0,1.0
contig_18324_7,1.0,1.0
contig_18324_4,1.0,1.0
contig_18324_5,0.0,1.0
contig_18324_2,1.0,1.0
contig_18324_3,0.0,1.0
contig_18324_1,0.0,1.0
contig_18324_8,0.0,0.0
contig_18324_9,0.0,0.0
contig_18488_7,1.0,1.0
contig_18488_6,1.0,1.0
contig_18488_5,1.0,1.0
contig_18488_4,1.0,1.0
contig_18404_7,1.0,1.0
contig_18404_6,1.0,1.0
contig_18488_1,1.0,1.0
contig_18404_4,1.0,1.0
contig_18317_12,1.0,1.0
contig_18317_10,1.0,1.0
contig_18317_11,1.0,1.0
contig_18406_9,1.0,1.0
contig_18406_8,1.0,1.0
contig_18406_5,1.0,1.0
contig_18406_4,1.0,1.0
contig_18406_7,1.0,1.0
contig_18406_6,0.0,1.0
contig_18406_1,1.0,1.0
contig_18406_3,1.0,1.0
contig_18406_2,1.0,1.0
contig_18363_8,1.0,1.0
contig_18363_1,1.0,1.0
contig_18363_3,1.0,1.0
contig_18363_2,1.0,1.0
contig_18363_5,1.0,1.0
contig_18363_4,1.0,0.0
contig_18363_7,1.0,1.0
contig_18363_6,1.0,1.0
contig_18345_8,1.0,0.0
contig_18324_12,1.0,0.0
contig_18329_13,0.0,0.0
contig_18329_12,1.0,0.0
contig_18329_11,1.0,0.0
contig_18329_10,1.0,0.0
contig_18265_42,1.0,1.0
contig_18329_14,1.0,1.0
contig_18408_7,1.0,1.0
contig_18408_6,1.0,1.0
contig_18408_5,1.0,1.0
contig_18408_4,1.0,1.0
contig_18408_3,1.0,1.0
contig_18408_2,1.0,1.0
contig_18408_1,1.0,1.0
contig_18432_1,1.0,1.0
contig_18432_2,1.0,1.0
contig_18432_3,1.0,1.0
contig_18353_1,1.0,1.0
contig_18432_4,1.0,1.0
contig_18432_5,1.0,1.0
contig_18269_8,1.0,1.0
contig_18269_9,1.0,1.0
contig_18269_2,1.0,1.0
contig_18269_3,1.0,1.0
contig_18403_2,1.0,1.0
contig_18269_1,1.0,1.0
contig_18403_4,1.0,1.0
contig_18269_7,1.0,1.0
contig_18403_6,1.0,1.0
contig_18269_5,1.0,1.0
contig_18352_15,1.0,1.0
contig_18352_14,1.0,1.0
contig_18267_30,1.0,1.0
contig_18267_31,1.0,1.0
contig_18267_32,1.0,1.0
contig_18267_33,1.0,1.0
contig_18267_34,1.0,1.0
contig_18352_11,1.0,1.0
contig_18352_10,1.0,1.0
contig_18266_1,1.0,1.0
contig_18266_3,1.0,1.0
contig_18318_8,1.0,1.0
contig_18266_5,1.0,1.0
contig_18266_4,1.0,1.0
contig_18266_7,1.0,1.0
contig_18266_6,1.0,1.0
contig_18266_9,0.0,0.0
contig_18318_2,1.0,1.0
contig_18318_1,1.0,1.0
contig_18352_12,1.0,1.0
contig_18318_7,1.0,1.0
contig_18318_6,1.0,1.0
contig_18318_5,1.0,1.0
contig_18318_4,1.0,1.0
contig_18407_4,1.0,1.0
contig_18407_5,1.0,1.0
contig_18407_6,1.0,1.0
contig_18407_7,1.0,1.0
contig_18407_1,1.0,1.0
contig_18407_2,1.0,1.0
contig_18407_3,1.0,1.0
contig_18352_18,1.0,1.0
contig_18401_6,1.0,1.0
contig_18401_7,1.0,1.0
contig_18401_4,1.0,1.0
contig_18401_5,1.0,1.0
contig_18401_2,1.0,1.0
contig_18401_3,1.0,1.0
contig_18401_1,1.0,1.0
contig_18401_8,0.0,1.0
contig_18310_3,1.0,1.0
contig_18310_2,1.0,1.0
contig_18310_1,1.0,1.0
contig_18310_7,1.0,1.0
contig_18310_6,1.0,1.0
contig_18310_5,1.0,1.0
contig_18310_4,1.0,1.0
contig_18527_3,1.0,1.0
contig_18527_2,1.0,1.0
contig_18310_9,1.0,1.0
contig_18310_8,1.0,1.0
contig_18481_2,1.0,1.0
contig_18481_1,1.0,1.0
contig_18312_5,1.0,1.0
contig_18312_4,1.0,1.0
contig_18312_7,1.0,0.0
contig_18312_6,1.0,1.0
contig_18312_1,1.0,1.0
contig_18327_10,1.0,1.0
contig_18312_3,1.0,1.0
contig_18312_2,1.0,1.0
contig_18312_9,1.0,1.0
contig_18312_8,1.0,0.0
contig_18525_2,1.0,1.0
contig_18314_7,1.0,0.0
contig_18483_1,1.0,1.0
contig_18483_2,1.0,1.0
contig_18314_4,1.0,1.0
contig_18483_4,1.0,1.0
contig_18314_2,1.0,1.0
contig_18264_9,1.0,1.0
contig_18264_8,1.0,1.0
contig_18264_7,1.0,1.0
contig_18264_6,1.0,1.0
contig_18264_5,1.0,1.0
contig_18264_4,1.0,1.0
contig_18264_3,1.0,1.0
contig_18264_2,1.0,1.0
contig_18264_1,0.0,1.0
contig_18314_8,1.0,1.0
contig_18316_9,1.0,1.0
contig_18316_8,1.0,1.0
contig_18316_1,1.0,1.0
contig_18316_3,1.0,1.0
contig_18316_2,1.0,1.0
contig_18316_5,1.0,1.0
contig_18316_4,1.0,1.0
contig_18316_7,1.0,1.0
contig_18316_6,1.0,1.0
contig_18466_2,1.0,1.0
contig_18466_1,1.0,1.0
contig_18466_6,1.0,1.0
contig_18466_5,1.0,1.0
contig_18485_2,1.0,1.0
contig_18485_3,1.0,1.0
contig_18485_1,1.0,0.0
contig_18485_4,1.0,1.0
contig_18421_4,1.0,1.0
contig_18421_5,1.0,1.0
contig_18529_1,1.0,1.0
contig_18487_5,1.0,1.0
contig_18529_3,1.0,1.0
contig_18529_2,1.0,1.0
contig_18487_1,0.0,1.0
contig_18487_2,1.0,1.0
contig_18487_3,1.0,1.0
contig_18520_1,1.0,1.0
contig_18520_2,1.0,1.0
contig_18320_10,1.0,1.0
contig_18320_11,1.0,1.0
contig_18320_12,1.0,1.0
contig_18320_13,1.0,1.0
contig_18320_14,1.0,1.0
contig_18320_15,1.0,1.0
contig_18320_16,1.0,1.0
contig_18344_10,1.0,1.0
contig_18311_8,1.0,1.0
contig_18311_9,1.0,1.0
contig_18306_14,1.0,1.0
contig_18296_12,1.0,1.0
contig_18306_16,1.0,1.0
contig_18306_10,1.0,1.0
contig_18306_11,1.0,1.0
contig_18306_12,1.0,1.0
contig_18392_8,1.0,1.0
contig_18524_1,1.0,1.0
contig_18524_2,1.0,1.0
contig_18311_2,1.0,1.0
contig_18522_1,0.0,0.0
contig_18300_16,1.0,1.0
contig_18300_14,1.0,1.0
contig_18311_1,1.0,1.0
contig_18300_12,1.0,1.0
contig_18300_13,1.0,1.0
contig_18300_10,1.0,1.0
contig_18300_11,1.0,1.0
contig_18311_6,1.0,1.0
contig_18451_5,1.0,1.0
contig_18451_4,1.0,1.0
contig_18451_6,1.0,1.0
contig_18311_4,1.0,1.0
contig_18451_3,1.0,1.0
contig_18451_2,1.0,1.0
contig_18392_2,1.0,1.0
contig_18457_2,1.0,1.0
contig_18457_1,1.0,1.0
contig_18508_1,1.0,1.0
contig_18455_1,1.0,1.0
contig_18455_3,1.0,1.0
contig_18455_2,1.0,1.0
contig_18455_5,1.0,1.0
contig_18455_4,1.0,1.0
contig_18455_6,1.0,1.0
contig_18545_2,1.0,1.0
contig_18394_5,1.0,1.0
contig_18394_4,1.0,1.0
contig_18431_8,1.0,1.0
contig_18349_8,1.0,1.0
contig_18394_2,1.0,1.0
contig_18394_1,1.0,1.0
contig_18357_7,1.0,1.0
contig_18458_1,1.0,1.0
contig_18458_4,0.0,1.0
contig_18458_5,1.0,1.0
contig_18458_6,1.0,1.0
contig_18357_2,1.0,0.0
contig_18458_2,1.0,1.0
contig_18458_3,1.0,1.0
contig_18357_3,1.0,1.0
contig_18302_10,1.0,1.0
contig_18302_11,1.0,1.0
contig_18302_12,1.0,1.0
contig_18302_13,1.0,1.0
contig_18302_14,1.0,1.0
contig_18349_6,1.0,1.0
contig_18288_19,1.0,1.0
contig_18288_18,1.0,1.0
contig_18288_11,1.0,1.0
contig_18288_10,1.0,1.0
contig_18288_13,1.0,1.0
contig_18288_12,0.0,1.0
contig_18288_15,1.0,1.0
contig_18288_14,1.0,1.0
contig_18288_17,1.0,1.0
contig_18288_16,1.0,1.0
contig_18264_19,1.0,1.0
contig_18264_18,1.0,1.0
contig_18264_17,1.0,1.0
contig_18264_16,1.0,1.0
contig_18264_15,1.0,1.0
contig_18264_14,1.0,1.0
contig_18264_13,1.0,1.0
contig_18264_12,1.0,1.0
contig_18264_11,1.0,1.0
contig_18264_10,1.0,1.0
contig_18351_6,1.0,1.0
contig_18351_4,1.0,1.0
contig_18351_5,1.0,1.0
contig_18469_1,1.0,1.0
contig_18351_2,1.0,1.0
contig_18351_3,0.0,1.0
contig_18556_2,1.0,1.0
contig_18556_1,1.0,0.0
contig_18469_3,1.0,0.0
contig_18511_4,1.0,1.0
contig_18469_4,1.0,1.0
contig_18351_1,0.0,1.0
contig_18511_1,1.0,1.0
contig_18511_2,1.0,1.0
contig_18469_5,1.0,0.0
contig_18554_1,1.0,1.0
contig_18554_3,1.0,1.0
contig_18554_2,1.0,1.0
contig_18517_2,1.0,1.0
contig_18517_3,1.0,0.0
contig_18517_1,1.0,1.0
contig_18552_3,1.0,1.0
contig_18552_2,1.0,1.0
contig_18552_1,1.0,1.0
contig_18550_1,1.0,1.0
contig_18276_10,1.0,1.0
contig_18550_3,1.0,0.0
contig_18550_2,1.0,1.0
contig_18276_11,1.0,1.0
contig_18559_1,1.0,1.0
contig_18559_2,1.0,1.0
contig_18355_2,1.0,1.0
contig_18355_3,1.0,1.0
contig_18355_1,1.0,1.0
contig_18355_6,1.0,0.0
contig_18355_7,1.0,1.0
contig_18355_4,1.0,0.0
contig_18355_5,1.0,0.0
contig_18355_8,1.0,1.0
contig_18355_9,1.0,0.0
contig_18276_19,1.0,1.0
contig_18513_2,1.0,1.0
contig_18513_3,1.0,1.0
contig_18513_1,1.0,1.0
contig_18513_4,1.0,1.0
contig_18309_11,1.0,1.0
contig_18309_10,1.0,1.0
contig_18281_25,1.0,1.0
contig_18281_24,1.0,1.0
contig_18281_23,1.0,1.0
contig_18281_22,1.0,1.0
contig_18281_21,1.0,0.0
contig_18281_20,0.0,1.0
contig_18359_6,1.0,1.0
contig_18359_7,1.0,1.0
contig_18359_4,1.0,1.0
contig_18359_5,1.0,1.0
contig_18359_2,1.0,1.0
contig_18359_3,1.0,1.0
contig_18359_1,1.0,1.0
contig_18280_20,1.0,1.0
contig_18280_21,1.0,1.0
contig_18280_22,1.0,1.0
contig_18352_1,1.0,1.0
contig_18352_3,1.0,1.0
contig_18352_2,1.0,1.0
contig_18352_5,1.0,1.0
contig_18352_4,1.0,1.0
contig_18352_7,1.0,1.0
contig_18352_6,1.0,1.0
contig_18352_9,0.0,1.0
contig_18352_8,1.0,1.0
contig_18514_1,1.0,1.0
contig_18514_3,1.0,1.0
contig_18514_2,1.0,1.0
contig_18514_5,1.0,1.0
contig_18514_4,1.0,1.0
contig_18514_6,0.0,1.0
contig_18398_3,1.0,1.0
contig_18398_2,1.0,1.0
contig_18398_1,1.0,1.0
contig_18398_6,0.0,0.0
contig_18398_5,0.0,0.0
contig_18398_4,1.0,0.0
contig_18271_13,1.0,1.0
contig_18391_2,1.0,1.0
contig_18391_3,1.0,1.0
contig_18265_40,1.0,1.0
contig_18391_6,1.0,1.0
contig_18391_4,1.0,0.0
contig_18391_5,1.0,1.0
contig_18393_4,1.0,1.0
contig_18393_5,1.0,1.0
contig_18393_6,1.0,1.0
contig_18393_7,1.0,1.0
contig_18393_1,1.0,1.0
contig_18393_2,1.0,1.0
contig_18393_3,1.0,1.0
contig_18395_4,1.0,1.0
contig_18395_2,1.0,1.0
contig_18395_3,1.0,1.0
contig_18350_9,1.0,1.0
contig_18395_1,1.0,1.0
contig_18350_7,1.0,1.0
contig_18350_6,1.0,1.0
contig_18350_5,1.0,1.0
contig_18350_4,1.0,1.0
contig_18350_3,1.0,1.0
contig_18350_2,1.0,1.0
contig_18350_1,1.0,1.0
contig_18397_1,0.0,0.0
contig_18397_2,1.0,0.0
contig_18397_3,1.0,0.0
contig_18397_4,1.0,1.0
contig_18397_5,1.0,1.0
contig_18397_6,1.0,1.0
contig_18397_7,1.0,1.0
contig_18418_1,1.0,1.0
contig_18418_2,1.0,1.0
contig_18418_3,1.0,1.0
contig_18418_4,1.0,1.0
contig_18418_5,1.0,1.0
contig_18418_6,1.0,1.0
contig_18418_7,1.0,1.0
contig_18416_2,1.0,1.0
contig_18416_3,1.0,1.0
contig_18416_1,1.0,1.0
contig_18416_6,1.0,1.0
contig_18416_7,1.0,0.0
contig_18416_4,1.0,1.0
contig_18416_5,1.0,1.0
contig_18416_8,1.0,0.0
contig_18498_1,1.0,1.0
contig_18498_2,1.0,1.0
contig_18498_3,1.0,1.0
contig_18498_4,1.0,1.0
contig_18498_5,1.0,1.0
contig_18498_6,1.0,1.0
contig_18498_7,1.0,1.0
contig_18269_10,0.0,1.0
contig_18269_11,1.0,1.0
contig_18269_12,1.0,0.0
contig_18269_13,1.0,1.0
contig_18269_14,1.0,1.0
contig_18269_15,1.0,1.0
contig_18269_16,1.0,1.0
contig_18269_17,1.0,1.0
contig_18269_18,1.0,1.0
contig_18269_19,1.0,1.0
contig_18273_9,1.0,1.0
contig_18273_8,1.0,1.0
contig_18273_3,1.0,1.0
contig_18273_2,1.0,1.0
contig_18273_1,1.0,1.0
contig_18273_7,1.0,1.0
contig_18273_6,1.0,1.0
contig_18273_5,1.0,1.0
contig_18273_4,1.0,1.0
contig_18271_9,1.0,1.0
contig_18271_8,1.0,1.0
contig_18271_5,1.0,1.0
contig_18271_4,1.0,1.0
contig_18271_7,1.0,1.0
contig_18271_6,1.0,1.0
contig_18271_1,1.0,1.0
contig_18271_3,1.0,1.0
contig_18271_2,1.0,1.0
contig_18308_10,1.0,1.0
contig_18411_1,1.0,1.0
contig_18411_3,1.0,1.0
contig_18411_2,1.0,1.0
contig_18411_5,1.0,1.0
contig_18304_14,1.0,1.0
contig_18411_7,1.0,1.0
contig_18411_6,1.0,1.0
contig_18304_15,1.0,1.0
contig_18279_5,1.0,1.0
contig_18279_4,1.0,1.0
contig_18279_7,1.0,1.0
contig_18279_6,1.0,1.0
contig_18279_1,1.0,1.0
contig_18279_3,1.0,1.0
contig_18279_2,1.0,1.0
contig_18266_31,1.0,0.0
contig_18266_30,0.0,0.0
contig_18279_9,1.0,1.0
contig_18279_8,1.0,1.0
contig_18274_8,1.0,1.0
contig_18274_9,1.0,1.0
contig_18304_2,1.0,1.0
contig_18304_3,1.0,1.0
contig_18304_4,1.0,1.0
contig_18304_5,1.0,1.0
contig_18304_6,1.0,1.0
contig_18304_7,1.0,1.0
contig_18304_8,0.0,1.0
contig_18274_1,1.0,1.0
contig_18274_2,1.0,1.0
contig_18274_3,1.0,1.0
contig_18274_4,1.0,1.0
contig_18274_5,1.0,1.0
contig_18274_6,1.0,1.0
contig_18274_7,1.0,1.0
contig_18284_19,1.0,1.0
contig_18284_18,1.0,1.0
contig_18284_15,1.0,1.0
contig_18284_14,1.0,1.0
contig_18284_17,1.0,1.0
contig_18284_16,1.0,1.0
contig_18284_11,1.0,1.0
contig_18284_10,1.0,1.0
contig_18284_13,1.0,1.0
contig_18284_12,1.0,1.0
contig_18267_18,1.0,1.0
contig_18267_19,1.0,1.0
contig_18267_12,1.0,1.0
contig_18267_13,0.0,1.0
contig_18267_10,1.0,1.0
contig_18267_11,1.0,1.0
contig_18267_16,1.0,1.0
contig_18267_17,1.0,1.0
contig_18267_14,1.0,1.0
contig_18267_15,1.0,1.0
contig_18272_7,1.0,1.0
contig_18286_17,1.0,1.0
contig_18286_16,1.0,1.0
contig_18286_15,1.0,1.0
contig_18286_14,1.0,1.0
contig_18286_13,1.0,1.0
contig_18493_2,1.0,1.0
contig_18286_11,1.0,1.0
contig_18286_10,1.0,1.0
contig_18302_2,1.0,1.0
contig_18302_3,1.0,1.0
contig_18302_1,1.0,1.0
contig_18302_6,1.0,1.0
contig_18302_7,1.0,1.0
contig_18286_19,1.0,1.0
contig_18286_18,1.0,1.0
contig_18328_9,1.0,1.0
contig_18300_8,1.0,1.0
contig_18300_9,1.0,1.0
contig_18491_1,0.0,0.0
contig_18300_5,1.0,1.0
contig_18491_3,1.0,1.0
contig_18491_2,0.0,0.0
contig_18491_4,1.0,1.0
contig_18300_2,1.0,1.0
contig_18300_3,1.0,1.0
contig_18270_4,1.0,1.0
contig_18270_5,1.0,0.0
contig_18270_6,0.0,0.0
contig_18270_7,1.0,0.0
contig_18270_1,1.0,1.0
contig_18270_2,1.0,1.0
contig_18270_3,1.0,1.0
contig_18306_6,1.0,1.0
contig_18306_7,1.0,1.0
contig_18306_4,1.0,1.0
contig_18306_5,1.0,1.0
contig_18270_8,1.0,1.0
contig_18270_9,1.0,1.0
contig_18306_1,0.0,1.0
contig_18276_6,1.0,1.0
contig_18276_7,1.0,1.0
contig_18276_4,1.0,1.0
contig_18276_5,1.0,1.0
contig_18276_2,1.0,1.0
contig_18276_3,1.0,1.0
contig_18276_1,1.0,1.0
contig_18342_2,1.0,1.0
contig_18276_8,0.0,1.0
contig_18276_9,1.0,1.0
contig_18311_3,1.0,1.0
contig_18328_6,1.0,1.0
contig_18342_1,1.0,1.0
contig_18328_7,1.0,1.0
contig_18497_3,1.0,1.0
contig_18497_2,1.0,1.0
contig_18497_1,1.0,1.0
contig_18497_5,1.0,1.0
contig_18497_4,0.0,1.0
contig_18495_5,1.0,0.0
contig_18495_4,1.0,1.0
contig_18495_1,1.0,0.0
contig_18495_3,1.0,0.0
contig_18495_2,1.0,1.0
contig_18275_18,1.0,1.0
contig_18305_11,1.0,1.0
contig_18305_10,1.0,1.0
contig_18305_13,1.0,1.0
contig_18305_12,1.0,1.0
contig_18326_12,1.0,1.0
contig_18326_10,1.0,1.0
contig_18326_11,1.0,1.0
contig_18280_11,1.0,1.0
contig_18280_10,1.0,1.0
contig_18280_13,1.0,1.0
contig_18280_12,1.0,1.0
contig_18280_15,1.0,1.0
contig_18280_14,1.0,1.0
contig_18280_17,1.0,1.0
contig_18280_16,1.0,1.0
contig_18280_19,1.0,1.0
contig_18280_18,1.0,1.0
contig_18307_17,1.0,1.0
contig_18307_16,1.0,1.0
contig_18307_15,1.0,1.0
contig_18307_14,1.0,1.0
contig_18307_13,1.0,1.0
contig_18307_12,1.0,1.0
contig_18307_11,1.0,1.0
contig_18307_10,1.0,1.0
contig_18328_8,1.0,1.0
contig_18307_18,1.0,1.0
contig_18419_1,1.0,1.0
contig_18282_19,1.0,1.0
contig_18282_18,1.0,1.0
contig_18282_13,1.0,1.0
contig_18282_12,1.0,1.0
contig_18282_11,1.0,0.0
contig_18282_10,1.0,1.0
contig_18282_17,1.0,1.0
contig_18282_16,1.0,1.0
contig_18282_15,1.0,1.0
contig_18282_14,1.0,1.0
contig_18311_5,1.0,1.0
contig_18420_5,1.0,1.0
contig_18420_4,1.0,1.0
contig_18420_6,1.0,1.0
contig_18420_1,1.0,1.0
contig_18420_3,1.0,1.0
contig_18420_2,1.0,1.0
contig_18467_2,1.0,1.0
contig_18467_3,1.0,1.0
contig_18467_1,1.0,1.0
contig_18268_22,1.0,1.0
contig_18268_23,1.0,1.0
contig_18426_5,1.0,1.0
contig_18426_4,1.0,0.0
contig_18426_3,1.0,1.0
contig_18426_2,1.0,1.0
contig_18268_24,1.0,1.0
contig_18268_25,1.0,1.0
contig_18288_5,1.0,1.0
contig_18288_4,1.0,1.0
contig_18288_7,1.0,1.0
contig_18288_6,1.0,1.0
contig_18288_1,0.0,1.0
contig_18465_1,1.0,1.0
contig_18288_3,1.0,1.0
contig_18288_2,1.0,1.0
contig_18463_4,1.0,1.0
contig_18463_2,1.0,1.0
contig_18463_3,1.0,1.0
contig_18463_1,1.0,1.0
contig_18282_3,1.0,1.0
contig_18282_2,1.0,1.0
contig_18282_1,1.0,1.0
contig_18468_2,1.0,1.0
contig_18282_7,1.0,1.0
contig_18282_6,1.0,1.0
contig_18282_5,1.0,1.0
contig_18282_4,1.0,1.0
contig_18410_4,1.0,1.0
contig_18282_9,1.0,1.0
contig_18282_8,1.0,1.0
contig_18452_3,1.0,1.0
contig_18280_5,1.0,1.0
contig_18280_4,1.0,1.0
contig_18280_7,1.0,1.0
contig_18280_6,1.0,1.0
contig_18280_1,1.0,1.0
contig_18280_3,1.0,1.0
contig_18280_2,1.0,1.0
contig_18410_7,1.0,1.0
contig_18280_9,1.0,1.0
contig_18280_8,1.0,1.0
contig_18286_7,1.0,1.0
contig_18286_6,1.0,1.0
contig_18286_5,1.0,1.0
contig_18286_4,1.0,1.0
contig_18286_3,1.0,1.0
contig_18286_2,1.0,1.0
contig_18286_1,1.0,1.0
contig_18269_25,1.0,1.0
contig_18269_24,1.0,1.0
contig_18269_27,1.0,1.0
contig_18269_26,1.0,1.0
contig_18269_21,1.0,1.0
contig_18269_20,1.0,1.0
contig_18286_9,1.0,1.0
contig_18286_8,1.0,1.0
contig_18284_9,1.0,1.0
contig_18284_8,0.0,1.0
contig_18301_13,1.0,1.0
contig_18301_12,1.0,1.0
contig_18422_7,1.0,1.0
contig_18422_6,1.0,1.0
contig_18422_5,1.0,1.0
contig_18422_4,1.0,1.0
contig_18284_1,1.0,1.0
contig_18284_3,1.0,1.0
contig_18284_2,1.0,1.0
contig_18284_5,1.0,1.0
contig_18284_4,1.0,1.0
contig_18284_7,1.0,1.0
contig_18284_6,1.0,1.0
contig_18265_14,1.0,1.0
contig_18265_15,1.0,1.0
contig_18265_16,1.0,1.0
contig_18265_17,1.0,1.0
contig_18265_10,1.0,1.0
contig_18265_11,1.0,1.0
contig_18265_12,1.0,1.0
contig_18265_13,1.0,1.0
contig_18303_13,1.0,0.0
contig_18303_12,1.0,0.0
contig_18303_11,1.0,0.0
contig_18303_10,1.0,1.0
contig_18265_18,1.0,1.0
contig_18265_19,1.0,1.0
contig_18303_15,1.0,1.0
contig_18303_14,0.0,0.0
contig_18266_28,1.0,0.0
contig_18266_29,1.0,0.0
contig_18540_1,0.0,1.0
contig_18270_17,1.0,1.0
contig_18266_20,1.0,1.0
contig_18266_21,1.0,1.0
contig_18266_22,1.0,1.0
contig_18266_23,1.0,1.0
contig_18266_24,1.0,1.0
contig_18266_25,1.0,1.0
contig_18266_26,1.0,1.0
contig_18266_27,1.0,1.0
contig_18289_4,1.0,1.0
contig_18289_5,1.0,1.0
contig_18289_6,1.0,1.0
contig_18289_7,1.0,1.0
contig_18289_1,1.0,1.0
contig_18289_2,1.0,1.0
contig_18289_3,1.0,1.0
contig_18289_8,1.0,1.0
contig_18289_9,1.0,1.0
contig_18425_1,1.0,1.0
contig_18425_2,1.0,1.0
contig_18425_3,1.0,1.0
contig_18425_4,1.0,1.0
contig_18425_5,1.0,1.0
contig_18425_6,0.0,1.0
contig_18361_10,1.0,1.0
contig_18270_11,1.0,1.0
contig_18507_1,1.0,1.0
contig_18548_2,1.0,1.0
contig_18548_3,1.0,1.0
contig_18548_1,1.0,1.0
contig_18548_4,1.0,1.0
contig_18264_39,1.0,1.0
contig_18264_38,1.0,1.0
contig_18501_5,0.0,1.0
contig_18501_4,1.0,1.0
contig_18501_3,1.0,1.0
contig_18501_2,1.0,1.0
contig_18501_1,1.0,1.0
contig_18264_31,1.0,1.0
contig_18264_30,1.0,1.0
contig_18264_33,1.0,1.0
contig_18264_32,1.0,1.0
contig_18264_35,1.0,1.0
contig_18264_34,1.0,1.0
contig_18264_37,1.0,1.0
contig_18264_36,1.0,1.0
contig_18367_10,1.0,1.0
contig_18288_21,1.0,1.0
contig_18353_5,1.0,1.0
contig_18547_1,1.0,1.0
contig_18547_3,1.0,1.0
contig_18547_2,1.0,1.0
contig_18547_4,0.0,1.0
contig_18347_3,1.0,1.0
contig_18347_2,1.0,1.0
contig_18347_1,1.0,1.0
contig_18288_22,1.0,1.0
contig_18347_6,1.0,1.0
contig_18347_5,1.0,1.0
contig_18347_4,1.0,1.0
contig_18349_10,1.0,1.0
contig_18324_10,1.0,1.0
contig_18324_11,1.0,1.0
contig_18534_1,1.0,1.0
contig_18324_13,1.0,0.0
contig_18345_5,1.0,1.0
contig_18345_4,1.0,1.0
contig_18345_7,1.0,0.0
contig_18345_6,1.0,1.0
contig_18345_1,1.0,1.0
contig_18345_3,1.0,1.0
contig_18345_2,1.0,1.0
contig_18505_3,1.0,1.0
contig_18505_2,1.0,1.0
contig_18505_1,1.0,1.0
contig_18505_4,1.0,0.0
contig_18388_4,1.0,1.0
contig_18388_5,1.0,1.0
contig_18388_6,1.0,1.0
contig_18388_7,1.0,1.0
contig_18388_1,1.0,1.0
contig_18388_2,1.0,1.0
contig_18388_3,1.0,1.0
contig_18275_2,1.0,1.0
contig_18273_13,1.0,1.0
contig_18508_2,1.0,1.0
contig_18508_3,1.0,1.0
contig_18273_12,1.0,1.0
contig_18545_4,1.0,1.0
contig_18545_3,1.0,1.0
contig_18273_11,0.0,1.0
contig_18545_1,0.0,1.0
contig_18500_3,1.0,1.0
contig_18349_9,1.0,1.0
contig_18452_2,1.0,1.0
contig_18275_8,1.0,0.0
contig_18349_1,1.0,0.0
contig_18273_17,1.0,1.0
contig_18349_3,1.0,1.0
contig_18349_2,1.0,1.0
contig_18349_5,1.0,1.0
contig_18349_4,1.0,1.0
contig_18349_7,1.0,1.0
contig_18273_16,1.0,1.0
contig_18340_8,1.0,1.0
contig_18340_9,0.0,1.0
contig_18273_15,1.0,1.0
contig_18518_1,1.0,1.0
contig_18340_2,1.0,1.0
contig_18273_14,1.0,1.0
contig_18340_4,1.0,1.0
contig_18340_5,1.0,1.0
contig_18340_6,1.0,1.0
contig_18340_7,0.0,1.0
contig_18518_3,1.0,1.0
contig_18518_2,1.0,1.0
contig_18273_19,1.0,1.0
contig_18273_18,1.0,1.0
contig_18502_1,1.0,1.0
contig_18502_2,1.0,1.0
contig_18502_3,1.0,1.0
contig_18502_4,1.0,1.0
contig_18322_14,1.0,1.0
contig_18322_12,1.0,1.0
contig_18322_13,1.0,1.0
contig_18322_10,0.0,1.0
contig_18322_11,1.0,1.0
contig_18381_8,1.0,1.0
contig_18381_5,1.0,1.0
contig_18381_4,1.0,1.0
contig_18381_7,1.0,1.0
contig_18381_6,1.0,1.0
contig_18381_3,1.0,1.0
contig_18381_2,0.0,1.0
contig_18304_12,1.0,1.0
contig_18304_13,1.0,1.0
contig_18304_10,1.0,1.0
contig_18304_11,1.0,1.0
contig_18304_16,1.0,1.0
contig_18304_17,0.0,1.0
contig_18387_9,1.0,1.0
contig_18387_8,1.0,1.0
contig_18387_7,1.0,1.0
contig_18387_6,1.0,1.0
contig_18387_5,1.0,1.0
contig_18387_4,1.0,1.0
contig_18387_3,1.0,0.0
contig_18387_2,1.0,0.0
contig_18387_1,1.0,0.0
contig_18344_4,1.0,1.0
contig_18344_5,1.0,1.0
contig_18344_6,0.0,1.0
contig_18344_7,1.0,1.0
contig_18344_1,1.0,1.0
contig_18344_2,1.0,1.0
contig_18344_3,1.0,1.0
contig_18344_8,1.0,1.0
contig_18344_9,1.0,1.0
contig_18385_1,1.0,1.0
contig_18342_7,1.0,1.0
contig_18385_3,1.0,1.0
contig_18385_2,1.0,1.0
contig_18385_5,1.0,1.0
contig_18385_4,1.0,1.0
contig_18385_7,1.0,1.0
contig_18385_6,1.0,1.0
contig_18385_9,1.0,0.0
contig_18385_8,1.0,1.0
contig_18342_8,1.0,1.0
contig_18342_9,1.0,1.0
contig_18383_9,1.0,1.0
contig_18383_8,1.0,1.0
contig_18383_3,1.0,1.0
contig_18383_2,1.0,1.0
contig_18383_1,1.0,1.0
contig_18383_7,1.0,1.0
contig_18383_6,1.0,1.0
contig_18383_5,1.0,1.0
contig_18383_4,1.0,1.0
contig_18269_32,1.0,1.0
contig_18269_30,1.0,1.0
contig_18269_31,1.0,1.0
contig_18265_21,1.0,1.0
contig_18265_20,1.0,1.0
contig_18265_23,1.0,1.0
contig_18265_22,1.0,1.0
contig_18265_25,1.0,1.0
contig_18265_24,1.0,1.0
contig_18265_27,1.0,1.0
contig_18265_26,1.0,1.0
contig_18265_29,1.0,1.0
contig_18265_28,1.0,1.0
contig_18325_8,1.0,1.0
contig_18352_16,1.0,1.0
contig_18266_15,1.0,1.0
contig_18266_14,1.0,1.0
contig_18266_17,1.0,1.0
contig_18266_16,1.0,1.0
contig_18266_11,1.0,1.0
contig_18266_10,1.0,1.0
contig_18266_13,1.0,1.0
contig_18266_12,1.0,1.0
contig_18368_9,1.0,1.0
contig_18266_19,1.0,1.0
contig_18266_18,1.0,1.0
contig_18336_3,1.0,1.0
contig_18336_2,1.0,1.0
contig_18336_1,1.0,1.0
contig_18371_8,1.0,1.0
contig_18371_9,1.0,1.0
contig_18336_5,1.0,1.0
contig_18336_4,1.0,1.0
contig_18371_4,1.0,0.0
contig_18371_5,1.0,0.0
contig_18371_6,1.0,0.0
contig_18371_7,1.0,1.0
contig_18371_1,1.0,1.0
contig_18371_2,1.0,1.0
contig_18371_3,1.0,1.0
contig_18264_26,1.0,1.0
contig_18264_27,1.0,1.0
contig_18264_24,1.0,1.0
contig_18264_25,1.0,1.0
contig_18264_22,1.0,1.0
contig_18264_23,1.0,1.0
contig_18264_20,1.0,1.0
contig_18264_21,1.0,1.0
contig_18377_6,1.0,1.0
contig_18377_4,1.0,1.0
contig_18377_5,1.0,1.0
contig_18377_2,1.0,1.0
contig_18377_3,1.0,0.0
contig_18264_28,1.0,1.0
contig_18377_1,1.0,1.0
contig_18332_7,1.0,1.0
contig_18332_6,1.0,1.0
contig_18332_5,0.0,1.0
contig_18332_4,1.0,1.0
contig_18332_3,1.0,1.0
contig_18332_2,1.0,1.0
contig_18332_1,1.0,1.0
contig_18341_5,1.0,1.0
contig_18356_9,0.0,1.0
contig_18332_9,1.0,1.0
contig_18332_8,1.0,1.0
contig_18330_9,1.0,1.0
contig_18330_8,1.0,1.0
contig_18330_1,1.0,1.0
contig_18330_3,1.0,1.0
contig_18330_2,1.0,1.0
contig_18330_5,1.0,1.0
contig_18330_4,1.0,1.0
contig_18330_7,1.0,1.0
contig_18330_6,1.0,1.0
contig_18339_8,1.0,1.0
contig_18339_9,1.0,1.0
contig_18339_1,1.0,1.0
contig_18339_2,1.0,1.0
contig_18339_3,1.0,1.0
contig_18339_4,1.0,1.0
contig_18339_5,1.0,0.0
contig_18339_6,1.0,1.0
contig_18339_7,1.0,1.0
contig_18373_8,1.0,1.0
contig_18373_2,1.0,1.0
contig_18373_3,1.0,1.0
contig_18373_1,1.0,1.0
contig_18373_6,1.0,1.0
contig_18373_7,1.0,1.0
contig_18373_4,1.0,1.0
contig_18373_5,1.0,1.0
contig_18378_5,1.0,1.0
contig_18378_4,1.0,1.0
contig_18378_7,1.0,1.0
contig_18378_6,1.0,1.0
contig_18378_1,1.0,1.0
contig_18378_3,1.0,1.0
contig_18378_2,1.0,1.0
contig_18287_18,1.0,1.0
contig_18287_19,1.0,1.0
contig_18504_3,1.0,1.0
contig_18287_14,1.0,1.0
contig_18287_15,1.0,1.0
contig_18287_16,1.0,1.0
contig_18287_17,1.0,1.0
contig_18287_10,1.0,1.0
contig_18287_11,1.0,1.0
contig_18287_12,1.0,1.0
contig_18287_13,1.0,1.0
contig_18281_16,1.0,1.0
contig_18281_17,0.0,1.0
contig_18281_14,1.0,1.0
contig_18281_15,1.0,1.0
contig_18281_12,1.0,1.0
contig_18281_13,1.0,1.0
contig_18281_10,1.0,1.0
contig_18281_11,1.0,1.0
contig_18471_3,1.0,1.0
contig_18471_2,1.0,1.0
contig_18471_1,1.0,1.0
contig_18281_18,1.0,1.0
contig_18281_19,1.0,1.0
contig_18473_5,1.0,1.0
contig_18473_4,1.0,1.0
contig_18473_6,1.0,1.0
contig_18473_1,1.0,1.0
contig_18531_2,1.0,1.0
contig_18473_3,1.0,1.0
contig_18473_2,1.0,1.0
contig_18374_8,1.0,1.0
contig_18374_1,1.0,1.0
contig_18374_3,1.0,0.0
contig_18374_2,1.0,1.0
contig_18374_5,1.0,0.0
contig_18374_4,1.0,0.0
contig_18374_7,1.0,1.0
contig_18374_6,1.0,1.0
contig_18479_3,1.0,1.0
contig_18292_1,1.0,1.0
contig_18292_2,1.0,1.0
contig_18292_3,1.0,1.0
contig_18292_4,1.0,1.0
contig_18292_5,1.0,1.0
contig_18292_6,1.0,1.0
contig_18292_7,1.0,1.0
contig_18292_8,1.0,1.0
contig_18292_9,1.0,1.0
contig_18436_1,1.0,1.0
contig_18436_2,1.0,1.0
contig_18436_3,1.0,1.0
contig_18430_6,1.0,1.0
contig_18430_4,1.0,1.0
contig_18430_5,1.0,1.0
contig_18430_2,1.0,1.0
contig_18430_3,1.0,1.0
contig_18430_1,0.0,1.0
contig_18531_1,1.0,1.0
contig_18294_8,1.0,1.0
contig_18294_9,1.0,1.0
contig_18294_2,1.0,1.0
contig_18294_3,1.0,1.0
contig_18476_2,1.0,0.0
contig_18294_1,1.0,1.0
contig_18294_6,1.0,1.0
contig_18369_12,1.0,0.0
contig_18369_11,1.0,1.0
contig_18294_5,1.0,1.0
contig_18391_1,1.0,1.0
contig_18296_8,0.0,1.0
contig_18296_9,1.0,1.0
contig_18296_4,1.0,1.0
contig_18296_5,1.0,1.0
contig_18296_6,1.0,1.0
contig_18296_7,1.0,1.0
contig_18296_1,0.0,1.0
contig_18296_2,1.0,1.0
contig_18296_3,1.0,1.0
contig_18290_8,1.0,1.0
contig_18290_9,1.0,1.0
contig_18290_6,1.0,1.0
contig_18290_7,1.0,1.0
contig_18290_4,1.0,1.0
contig_18290_5,1.0,1.0
contig_18290_2,1.0,1.0
contig_18290_3,1.0,1.0
contig_18290_1,1.0,1.0
contig_18283_10,1.0,1.0
contig_18283_11,1.0,1.0
contig_18283_12,1.0,1.0
contig_18283_13,1.0,1.0
contig_18283_14,1.0,1.0
contig_18283_15,1.0,1.0
contig_18283_16,1.0,1.0
contig_18283_17,1.0,1.0
contig_18283_18,1.0,1.0
contig_18434_3,1.0,1.0
contig_18434_1,0.0,1.0
contig_18434_4,1.0,1.0
contig_18277_19,1.0,1.0
contig_18277_18,1.0,1.0
contig_18277_17,1.0,1.0
contig_18277_16,1.0,1.0
contig_18277_15,1.0,1.0
contig_18277_14,1.0,1.0
contig_18277_13,1.0,1.0
contig_18277_12,1.0,1.0
contig_18277_11,1.0,1.0
contig_18277_10,1.0,1.0
contig_18472_4,1.0,1.0
contig_18472_1,1.0,0.0
contig_18472_2,1.0,0.0
contig_18472_3,1.0,1.0
contig_18474_4,1.0,1.0
contig_18474_5,0.0,1.0
contig_18474_2,1.0,1.0
contig_18474_3,1.0,1.0
contig_18474_1,1.0,1.0
contig_18271_28,1.0,1.0
contig_18271_29,1.0,1.0
contig_18265_38,1.0,1.0
contig_18265_39,1.0,1.0
contig_18265_36,1.0,1.0
contig_18271_25,1.0,1.0
contig_18271_26,1.0,1.0
contig_18265_35,1.0,1.0
contig_18265_32,1.0,1.0
contig_18265_33,1.0,1.0
contig_18271_22,1.0,1.0
contig_18265_31,1.0,1.0
contig_18536_1,1.0,1.0
contig_18536_3,1.0,1.0
contig_18536_2,1.0,1.0
contig_18299_9,1.0,1.0
contig_18299_8,1.0,1.0
contig_18299_7,1.0,1.0
contig_18299_6,1.0,1.0
contig_18299_5,0.0,0.0
contig_18299_4,1.0,0.0
contig_18299_3,1.0,1.0
contig_18299_2,0.0,0.0
contig_18299_1,1.0,1.0
contig_18354_11,1.0,1.0
contig_18360_14,1.0,1.0
contig_18360_10,1.0,1.0
contig_18360_11,1.0,1.0
contig_18360_12,1.0,1.0
contig_18360_13,1.0,1.0
contig_18538_5,1.0,1.0
contig_18538_4,1.0,1.0
contig_18538_3,1.0,1.0
contig_18538_2,1.0,1.0
contig_18538_1,1.0,1.0
contig_18350_8,1.0,1.0
contig_18533_1,1.0,1.0
contig_18533_2,1.0,1.0
contig_18533_3,1.0,1.0
contig_18336_7,1.0,1.0
contig_18336_6,1.0,1.0
contig_18302_9,1.0,1.0
contig_18348_3,1.0,1.0
contig_18336_9,1.0,1.0
contig_18278_16,1.0,1.0
contig_18278_17,1.0,1.0
contig_18278_14,1.0,0.0
contig_18336_8,1.0,1.0
contig_18278_12,1.0,1.0
contig_18278_13,1.0,1.0
contig_18278_10,1.0,1.0
contig_18278_11,1.0,1.0
contig_18571_2,1.0,1.0
contig_18571_3,1.0,1.0
contig_18571_1,1.0,1.0
contig_18278_18,1.0,1.0
contig_18278_19,1.0,1.0
contig_18392_3,1.0,1.0
contig_18573_1,1.0,1.0
contig_18537_4,1.0,1.0
contig_18334_5,1.0,1.0
contig_18537_1,1.0,0.0
contig_18537_2,1.0,1.0
contig_18537_3,0.0,1.0
contig_18575_2,1.0,1.0
contig_18575_3,1.0,1.0
contig_18575_1,0.0,1.0
contig_18334_6,1.0,1.0
contig_18366_12,1.0,1.0
contig_18531_3,1.0,1.0
contig_18366_10,1.0,1.0
contig_18366_11,1.0,1.0
contig_18334_1,1.0,1.0
contig_18334_3,1.0,1.0
contig_18334_2,1.0,1.0
contig_18287_21,1.0,1.0
contig_18287_20,1.0,1.0
contig_18287_22,1.0,1.0
contig_18295_2,1.0,1.0
contig_18334_9,1.0,1.0
contig_18334_8,1.0,1.0
contig_18264_29,1.0,1.0
contig_18286_20,1.0,1.0
contig_18415_10,1.0,0.0
contig_18268_3,1.0,1.0
contig_18402_3,1.0,1.0
contig_18282_22,0.0,1.0
contig_18282_23,1.0,1.0
contig_18282_20,1.0,1.0
contig_18282_21,1.0,1.0
contig_18282_24,1.0,1.0
contig_18402_5,1.0,1.0
contig_18268_6,1.0,1.0
contig_18402_7,1.0,1.0
contig_18402_6,1.0,1.0
contig_18448_2,1.0,1.0
contig_18448_1,1.0,1.0
contig_18302_4,1.0,1.0
contig_18302_5,1.0,1.0
contig_18325_10,1.0,1.0
contig_18429_4,1.0,1.0
contig_18271_19,1.0,1.0
contig_18271_18,1.0,1.0
contig_18271_11,1.0,1.0
contig_18271_10,1.0,1.0
contig_18265_41,1.0,1.0
contig_18271_12,1.0,1.0
contig_18271_15,1.0,1.0
contig_18271_14,1.0,1.0
contig_18271_17,1.0,1.0
contig_18271_16,1.0,1.0
contig_18320_2,1.0,1.0
contig_18320_3,1.0,1.0
contig_18320_1,1.0,1.0
contig_18320_6,1.0,1.0
contig_18320_7,1.0,1.0
contig_18320_4,1.0,1.0
contig_18320_5,1.0,1.0
contig_18320_8,1.0,1.0
contig_18320_9,1.0,1.0
contig_18367_5,1.0,1.0
contig_18367_4,1.0,1.0
contig_18367_7,1.0,1.0
contig_18367_6,1.0,1.0
contig_18367_1,1.0,0.0
contig_18367_3,1.0,1.0
contig_18367_2,1.0,1.0
contig_18328_2,1.0,1.0
contig_18328_3,1.0,1.0
contig_18328_1,1.0,1.0
contig_18367_9,1.0,1.0
contig_18367_8,1.0,1.0
contig_18328_4,1.0,1.0
contig_18328_5,1.0,1.0
contig_18361_7,1.0,1.0
contig_18361_6,0.0,1.0
contig_18361_5,1.0,1.0
contig_18361_4,1.0,1.0
contig_18361_3,1.0,1.0
contig_18361_2,1.0,1.0
contig_18361_1,1.0,1.0
contig_18361_9,1.0,1.0
contig_18361_8,1.0,1.0
contig_18289_16,1.0,1.0
contig_18289_14,1.0,1.0
contig_18289_15,1.0,1.0
contig_18289_12,1.0,1.0
contig_18289_13,1.0,1.0
contig_18289_10,1.0,1.0
contig_18289_11,1.0,1.0
contig_18327_1,1.0,1.0
contig_18327_3,0.0,1.0
contig_18327_2,1.0,0.0
contig_18327_5,1.0,1.0
contig_18327_4,1.0,1.0
contig_18327_7,1.0,1.0
contig_18327_6,1.0,1.0
contig_18327_9,1.0,1.0
contig_18327_8,1.0,1.0
contig_18264_40,1.0,1.0
contig_18264_41,1.0,1.0
contig_18264_42,1.0,1.0
contig_18330_11,1.0,1.0
contig_18330_10,1.0,1.0
contig_18330_13,1.0,1.0
contig_18330_12,1.0,1.0
contig_18365_3,1.0,1.0
contig_18365_2,1.0,1.0
contig_18365_1,1.0,1.0
contig_18273_10,1.0,1.0
contig_18365_7,1.0,1.0
contig_18365_6,1.0,1.0
contig_18365_5,1.0,1.0
contig_18365_4,1.0,1.0
contig_18365_9,1.0,1.0
contig_18365_8,1.0,1.0
contig_18476_5,1.0,1.0
contig_18440_3,1.0,1.0
contig_18440_2,1.0,1.0
contig_18329_7,1.0,1.0
contig_18476_6,1.0,1.0
contig_18329_6,1.0,1.0
contig_18368_6,1.0,1.0
contig_18368_7,1.0,1.0
contig_18368_4,1.0,1.0
contig_18368_5,1.0,1.0
contig_18368_2,1.0,1.0
contig_18368_3,1.0,1.0
contig_18325_9,1.0,1.0
contig_18368_1,1.0,1.0
contig_18325_7,1.0,1.0
contig_18325_6,1.0,1.0
contig_18325_5,1.0,1.0
contig_18325_4,1.0,1.0
contig_18325_3,1.0,1.0
contig_18325_2,1.0,1.0
contig_18368_8,1.0,1.0
contig_18316_10,1.0,1.0
contig_18316_13,1.0,1.0
contig_18316_12,1.0,1.0
contig_18329_9,1.0,1.0
contig_18329_8,1.0,1.0
contig_18405_2,1.0,1.0
contig_18405_3,1.0,1.0
contig_18405_1,1.0,1.0
contig_18405_6,1.0,1.0
contig_18405_7,1.0,1.0
contig_18405_4,1.0,1.0
contig_18405_5,1.0,1.0
contig_18362_1,1.0,1.0
contig_18362_2,1.0,1.0
contig_18362_3,1.0,1.0
contig_18362_4,1.0,1.0
contig_18362_5,1.0,1.0
contig_18362_6,0.0,1.0
contig_18362_7,1.0,1.0
contig_18362_8,1.0,1.0
contig_18362_9,1.0,1.0
contig_18339_10,1.0,1.0
contig_18379_5,1.0,1.0
contig_18339_11,1.0,1.0
contig_18409_4,1.0,1.0
contig_18409_5,1.0,1.0
contig_18409_2,1.0,1.0
contig_18409_3,1.0,1.0
contig_18409_1,1.0,1.0
contig_18334_10,1.0,1.0
contig_18402_1,1.0,1.0
contig_18268_2,1.0,1.0
contig_18268_1,1.0,1.0
contig_18402_2,1.0,1.0
contig_18268_7,1.0,0.0
contig_18402_4,1.0,1.0
contig_18268_5,1.0,1.0
contig_18268_4,1.0,1.0
contig_18402_8,1.0,0.0
contig_18268_9,0.0,0.0
contig_18268_8,1.0,1.0
contig_18336_10,1.0,1.0
contig_18267_8,1.0,1.0
contig_18267_9,1.0,1.0
contig_18440_1,1.0,0.0
contig_18440_6,1.0,1.0
contig_18440_5,1.0,0.0
contig_18440_4,1.0,1.0
contig_18267_1,1.0,1.0
contig_18267_2,1.0,1.0
contig_18267_3,1.0,1.0
contig_18267_4,1.0,1.0
contig_18267_5,1.0,1.0
contig_18267_6,1.0,1.0
contig_18267_7,1.0,1.0
contig_18442_5,1.0,1.0
contig_18442_4,1.0,1.0
contig_18314_14,1.0,1.0
contig_18442_1,1.0,1.0
contig_18442_3,1.0,1.0
contig_18442_2,1.0,1.0
contig_18275_20,1.0,1.0
contig_18275_21,1.0,1.0
contig_18275_22,1.0,1.0
contig_18275_23,1.0,1.0
contig_18275_24,1.0,1.0
contig_18411_4,1.0,1.0
contig_18444_6,1.0,1.0
contig_18444_5,1.0,1.0
contig_18444_4,1.0,1.0
contig_18444_3,1.0,1.0
contig_18444_2,1.0,1.0
contig_18444_1,1.0,1.0
contig_18400_8,1.0,1.0
contig_18400_7,1.0,1.0
contig_18400_6,1.0,1.0
contig_18400_5,1.0,1.0
contig_18400_4,1.0,1.0
contig_18400_3,1.0,1.0
contig_18400_2,0.0,1.0
contig_18400_1,1.0,1.0
contig_18446_1,1.0,1.0
contig_18446_3,1.0,1.0
contig_18446_2,1.0,1.0
contig_18446_5,1.0,1.0
contig_18446_4,1.0,1.0
contig_18446_6,1.0,1.0
contig_18480_6,1.0,1.0
contig_18528_2,1.0,1.0
contig_18528_3,1.0,1.0
contig_18480_3,1.0,1.0
contig_18480_2,1.0,1.0
contig_18480_1,1.0,1.0
contig_18526_2,1.0,1.0
contig_18526_3,1.0,1.0
contig_18526_1,1.0,1.0
contig_18482_1,1.0,1.0
contig_18482_3,1.0,1.0
contig_18482_2,1.0,1.0
contig_18482_5,1.0,1.0
contig_18482_4,1.0,1.0
contig_18265_6,1.0,1.0
contig_18265_7,1.0,1.0
contig_18265_4,1.0,1.0
contig_18265_5,1.0,1.0
contig_18265_2,1.0,1.0
contig_18265_3,1.0,1.0
contig_18274_25,1.0,1.0
contig_18265_1,1.0,0.0
contig_18265_8,1.0,1.0
contig_18265_9,0.0,1.0
contig_18528_1,1.0,1.0
contig_18480_5,1.0,1.0
contig_18351_14,1.0,1.0
contig_18351_15,1.0,1.0
contig_18351_16,1.0,1.0
contig_18480_4,1.0,1.0
contig_18351_10,1.0,1.0
contig_18351_11,1.0,1.0
contig_18351_12,1.0,1.0
contig_18351_13,0.0,1.0
contig_18484_2,1.0,1.0
contig_18484_1,1.0,1.0
contig_18486_1,1.0,1.0
contig_18486_2,1.0,1.0
contig_18521_1,1.0,1.0
contig_18521_3,1.0,1.0
contig_18521_2,1.0,1.0
contig_18521_4,1.0,1.0
contig_18271_27,1.0,1.0
contig_18413_4,1.0,1.0
contig_18569_4,1.0,1.0
contig_18569_1,1.0,1.0
contig_18569_3,1.0,1.0
contig_18569_2,1.0,1.0
contig_18413_3,1.0,1.0
contig_18511_3,1.0,1.0
contig_18563_3,1.0,1.0
contig_18563_2,1.0,1.0
contig_18563_1,1.0,1.0
contig_18271_21,1.0,1.0
contig_18563_4,1.0,1.0
contig_18413_2,1.0,1.0
contig_18561_1,1.0,1.0
contig_18561_2,1.0,1.0
contig_18567_4,1.0,1.0
contig_18567_3,1.0,1.0
contig_18567_2,1.0,1.0
contig_18567_1,0.0,1.0
contig_18523_3,1.0,1.0
contig_18523_2,1.0,1.0
contig_18523_1,1.0,1.0
contig_18413_1,1.0,1.0
contig_18565_1,1.0,1.0
contig_18357_10,1.0,1.0
contig_18357_11,1.0,1.0
contig_18285_12,1.0,1.0
contig_18285_13,1.0,1.0
contig_18285_10,1.0,1.0
contig_18285_11,0.0,1.0
contig_18285_16,1.0,1.0
contig_18285_17,1.0,1.0
contig_18285_14,1.0,1.0
contig_18285_15,1.0,1.0
contig_18285_18,1.0,1.0
contig_18285_19,1.0,0.0
contig_18357_8,1.0,1.0
contig_18279_11,1.0,1.0
contig_18279_10,1.0,1.0
contig_18268_20,1.0,0.0
contig_18279_12,1.0,1.0
contig_18279_15,1.0,1.0
contig_18279_14,0.0,1.0
contig_18279_17,1.0,1.0
contig_18279_16,1.0,1.0
contig_18301_11,1.0,1.0
contig_18357_9,1.0,1.0
contig_18304_1,1.0,1.0
contig_18301_10,1.0,1.0
contig_18274_23,0.0,1.0
contig_18568_1,1.0,1.0
contig_18568_2,1.0,1.0
contig_18274_22,1.0,1.0
contig_18274_21,1.0,1.0
contig_18268_26,1.0,1.0
contig_18274_20,1.0,1.0
contig_18304_9,1.0,1.0
contig_18274_24,1.0,1.0
contig_18268_27,1.0,1.0
contig_18410_9,1.0,0.0
contig_18454_4,1.0,0.0
contig_18270_27,1.0,1.0
contig_18270_26,1.0,1.0
contig_18270_25,1.0,1.0
contig_18270_24,1.0,1.0
contig_18270_23,1.0,1.0
contig_18270_22,1.0,1.0
contig_18270_21,0.0,1.0
contig_18270_20,1.0,1.0
contig_18270_29,1.0,1.0
contig_18270_28,1.0,1.0
contig_18275_15,1.0,1.0
contig_18275_14,1.0,1.0
contig_18275_17,1.0,1.0
contig_18275_16,1.0,1.0
contig_18275_11,1.0,1.0
contig_18275_10,1.0,1.0
contig_18275_13,1.0,1.0
contig_18275_12,1.0,1.0
contig_18299_15,1.0,1.0
contig_18299_14,1.0,0.0
contig_18299_13,0.0,0.0
contig_18299_12,0.0,0.0
contig_18299_11,0.0,0.0
contig_18299_10,0.0,0.0
contig_18351_17,1.0,1.0
contig_18305_9,1.0,1.0
contig_18413_5,1.0,1.0
contig_18354_9,1.0,1.0
contig_18354_8,1.0,1.0
contig_18479_2,1.0,1.0
contig_18354_3,1.0,1.0
contig_18354_2,1.0,1.0
contig_18354_1,1.0,1.0
contig_18354_7,1.0,1.0
contig_18479_1,1.0,0.0
contig_18354_5,1.0,1.0
contig_18354_4,1.0,1.0
contig_18277_24,1.0,1.0
contig_18404_3,1.0,1.0
contig_18277_23,1.0,1.0
contig_18277_20,1.0,1.0
contig_18277_21,0.0,1.0
contig_18356_5,1.0,1.0
contig_18356_4,1.0,1.0
contig_18356_7,1.0,1.0
contig_18356_6,1.0,1.0
contig_18356_1,1.0,1.0
contig_18356_3,1.0,1.0
contig_18356_2,1.0,1.0
contig_18436_4,1.0,1.0
contig_18404_2,1.0,1.0
contig_18436_5,1.0,1.0
contig_18404_1,1.0,0.0
contig_18272_18,1.0,1.0
contig_18272_19,1.0,1.0
contig_18358_5,1.0,1.0
contig_18358_4,1.0,1.0
contig_18358_3,1.0,1.0
contig_18358_2,1.0,1.0
contig_18358_1,1.0,1.0
contig_18272_10,1.0,1.0
contig_18272_11,1.0,1.0
contig_18272_12,1.0,1.0
contig_18272_13,1.0,1.0
contig_18272_14,1.0,1.0
contig_18272_15,1.0,1.0
contig_18272_16,1.0,1.0
contig_18272_17,1.0,1.0
contig_18341_11,1.0,1.0
contig_18353_8,1.0,1.0
contig_18317_1,1.0,1.0
contig_18317_2,1.0,1.0
contig_18317_3,1.0,1.0
contig_18317_4,1.0,1.0
contig_18317_5,1.0,1.0
contig_18317_6,1.0,1.0
contig_18317_7,1.0,1.0
contig_18317_8,1.0,1.0
contig_18317_9,1.0,1.0
contig_18353_2,1.0,1.0
contig_18353_3,1.0,1.0
contig_18353_4,1.0,1.0
contig_18302_8,1.0,1.0
contig_18353_6,1.0,1.0
contig_18353_7,1.0,1.0
contig_18319_2,1.0,1.0
contig_18319_3,1.0,1.0
contig_18352_17,1.0,1.0
contig_18319_1,1.0,1.0
contig_18319_6,1.0,1.0
contig_18319_7,1.0,1.0
contig_18319_4,1.0,1.0
contig_18319_5,1.0,1.0
contig_18290_14,1.0,1.0
contig_18493_3,1.0,1.0
contig_18319_8,1.0,1.0
contig_18319_9,1.0,1.0
contig_18290_10,1.0,1.0
contig_18290_11,1.0,1.0
contig_18290_12,1.0,1.0
contig_18290_13,1.0,1.0
contig_18493_1,1.0,1.0
contig_18399_8,1.0,1.0
contig_18399_2,1.0,1.0
contig_18399_3,1.0,1.0
contig_18399_1,1.0,1.0
contig_18399_6,1.0,1.0
contig_18399_7,0.0,1.0
contig_18399_4,1.0,1.0
contig_18399_5,1.0,1.0
contig_18296_16,1.0,1.0
contig_18296_17,1.0,1.0
contig_18296_14,1.0,1.0
contig_18296_15,1.0,1.0
contig_18392_9,1.0,1.0
contig_18296_13,1.0,0.0
contig_18296_10,1.0,0.0
contig_18296_11,1.0,1.0
contig_18392_5,1.0,1.0
contig_18392_4,1.0,1.0
contig_18392_7,1.0,1.0
contig_18392_6,1.0,1.0
contig_18392_1,1.0,1.0
contig_18311_7,1.0,1.0
contig_18296_18,1.0,1.0
contig_18296_19,1.0,1.0
contig_18313_8,1.0,1.0
contig_18313_9,0.0,1.0
contig_18313_4,1.0,0.0
contig_18313_5,1.0,1.0
contig_18313_6,1.0,1.0
contig_18313_7,1.0,1.0
contig_18394_3,1.0,1.0
contig_18313_1,1.0,1.0
contig_18313_2,1.0,1.0
contig_18313_3,1.0,1.0
contig_18357_4,1.0,1.0
contig_18357_5,1.0,1.0
contig_18357_6,1.0,1.0
contig_18461_6,1.0,1.0
contig_18357_1,1.0,0.0
contig_18315_8,1.0,1.0
contig_18315_9,1.0,1.0
contig_18315_6,1.0,1.0
contig_18315_7,1.0,1.0
contig_18315_4,1.0,1.0
contig_18315_5,1.0,1.0
contig_18315_2,1.0,1.0
contig_18315_3,1.0,1.0
contig_18315_1,1.0,1.0
contig_18396_1,1.0,0.0
contig_18351_7,1.0,1.0
contig_18396_3,1.0,1.0
contig_18396_2,1.0,0.0
contig_18396_5,1.0,1.0
contig_18396_4,1.0,1.0
contig_18396_6,1.0,1.0
contig_18351_8,1.0,1.0
contig_18351_9,0.0,1.0
contig_18417_3,1.0,1.0
contig_18417_2,1.0,1.0
contig_18417_1,1.0,1.0
contig_18417_7,1.0,1.0
contig_18417_6,1.0,1.0
contig_18417_5,0.0,1.0
contig_18417_4,1.0,1.0
contig_18300_4,1.0,1.0
contig_18415_9,1.0,1.0
contig_18415_8,1.0,1.0
contig_18415_5,1.0,1.0
contig_18415_4,1.0,1.0
contig_18415_7,1.0,1.0
contig_18415_6,1.0,1.0
contig_18415_1,1.0,1.0
contig_18300_6,1.0,1.0
contig_18415_3,1.0,1.0
contig_18415_2,1.0,1.0
contig_18300_7,1.0,1.0
contig_18300_1,1.0,1.0
contig_18318_13,1.0,1.0
contig_18318_12,1.0,1.0
contig_18318_11,1.0,1.0
contig_18390_8,1.0,1.0
contig_18318_14,0.0,1.0
contig_18390_3,1.0,1.0
contig_18390_2,1.0,1.0
contig_18390_7,1.0,1.0
contig_18390_6,1.0,1.0
contig_18390_5,1.0,1.0
contig_18390_4,1.0,1.0
contig_18488_3,1.0,1.0
contig_18488_2,1.0,1.0
contig_18272_2,0.0,0.0
contig_18272_3,1.0,1.0
contig_18272_1,0.0,0.0
contig_18272_6,1.0,1.0
contig_18404_5,1.0,1.0
contig_18272_4,1.0,1.0
contig_18272_5,1.0,1.0
contig_18272_8,1.0,1.0
contig_18272_9,1.0,1.0
contig_18333_10,1.0,1.0
contig_18333_11,1.0,1.0
contig_18333_12,1.0,1.0
contig_18306_8,1.0,1.0
contig_18306_9,1.0,1.0
contig_18334_4,1.0,1.0
contig_18294_10,1.0,1.0
contig_18294_11,1.0,1.0
contig_18294_12,1.0,1.0
contig_18294_13,1.0,1.0
contig_18294_14,1.0,1.0
contig_18294_15,1.0,1.0
contig_18294_16,1.0,1.0
contig_18294_17,1.0,1.0
contig_18294_18,1.0,1.0
contig_18294_19,1.0,1.0
contig_18419_3,1.0,1.0
contig_18419_2,1.0,1.0
contig_18419_5,1.0,1.0
contig_18419_4,1.0,1.0
contig_18419_6,1.0,1.0
contig_18410_8,1.0,1.0
contig_18454_1,1.0,1.0
contig_18454_2,1.0,1.0
contig_18454_3,1.0,1.0
contig_18335_12,1.0,1.0
contig_18335_13,1.0,1.0
contig_18335_10,1.0,1.0
contig_18335_11,1.0,1.0
contig_18306_2,1.0,1.0
contig_18410_2,1.0,1.0
contig_18410_3,1.0,1.0
contig_18334_7,1.0,1.0
contig_18410_5,1.0,1.0
contig_18410_6,1.0,1.0
contig_18306_3,1.0,1.0
contig_18269_6,1.0,1.0
contig_18278_8,1.0,1.0
contig_18278_9,1.0,1.0
contig_18278_4,1.0,1.0
contig_18278_5,1.0,1.0
contig_18278_6,1.0,1.0
contig_18278_7,1.0,1.0
contig_18278_1,1.0,1.0
contig_18278_2,1.0,1.0
contig_18278_3,1.0,1.0
contig_18515_1,1.0,1.0
contig_18331_7,1.0,1.0
contig_18476_1,1.0,0.0
contig_18275_1,1.0,1.0
contig_18275_3,1.0,0.0
contig_18476_3,1.0,0.0
contig_18275_5,1.0,0.0
contig_18275_4,1.0,0.0
contig_18275_7,1.0,0.0
contig_18275_6,1.0,0.0
contig_18275_9,1.0,0.0
contig_18476_4,1.0,0.0
contig_18452_1,1.0,1.0
contig_18452_4,1.0,1.0
contig_18294_7,1.0,1.0
contig_18294_4,1.0,1.0
contig_18450_4,1.0,1.0
contig_18450_5,1.0,1.0
contig_18450_6,1.0,1.0
contig_18369_10,1.0,1.0
contig_18450_1,1.0,1.0
contig_18450_2,1.0,1.0
contig_18450_3,1.0,1.0
contig_18414_1,0.0,0.0
contig_18465_4,1.0,1.0
contig_18456_4,1.0,1.0
contig_18456_2,1.0,1.0
contig_18456_3,1.0,1.0
contig_18456_1,1.0,1.0
contig_18412_6,1.0,1.0
contig_18412_7,1.0,1.0
contig_18412_4,1.0,1.0
contig_18412_5,1.0,1.0
contig_18412_2,1.0,1.0
contig_18412_3,1.0,1.0
contig_18412_1,1.0,1.0
contig_18392_11,1.0,0.0
contig_18392_10,1.0,1.0
contig_18492_2,1.0,1.0
contig_18492_1,1.0,1.0
contig_18490_1,1.0,1.0
contig_18490_2,1.0,1.0
contig_18490_3,1.0,1.0
contig_18490_4,1.0,1.0
contig_18490_5,1.0,1.0
contig_18277_9,1.0,1.0
contig_18277_8,1.0,1.0
contig_18277_7,1.0,1.0
contig_18277_6,1.0,1.0
contig_18277_5,1.0,1.0
contig_18277_4,1.0,1.0
contig_18277_3,1.0,1.0
contig_18277_2,1.0,1.0
contig_18277_1,1.0,1.0
contig_18337_10,1.0,1.0
contig_18337_11,1.0,1.0
contig_18337_12,1.0,1.0
contig_18343_12,1.0,1.0
contig_18343_11,1.0,1.0
contig_18343_10,1.0,1.0
contig_18496_2,1.0,1.0
contig_18496_3,1.0,0.0
contig_18496_1,1.0,1.0
contig_18496_4,0.0,0.0
contig_18494_4,1.0,1.0
contig_18494_1,1.0,1.0
contig_18494_2,1.0,1.0
contig_18494_3,1.0,1.0
contig_18551_1,1.0,1.0
contig_18551_2,1.0,1.0
contig_18551_3,1.0,1.0
contig_18272_25,1.0,0.0
contig_18272_24,1.0,1.0
contig_18272_27,1.0,0.0
contig_18272_26,1.0,0.0
contig_18272_21,1.0,1.0
contig_18272_20,1.0,1.0
contig_18272_23,1.0,1.0
contig_18272_22,1.0,1.0
contig_18272_29,1.0,1.0
contig_18272_28,1.0,1.0
contig_18459_4,1.0,1.0
contig_18510_4,1.0,1.0
contig_18510_1,1.0,1.0
contig_18510_3,1.0,1.0
contig_18510_2,1.0,1.0
contig_18557_2,1.0,1.0
contig_18557_1,1.0,1.0
contig_18434_2,1.0,1.0
contig_18516_2,1.0,1.0
contig_18516_1,1.0,1.0
contig_18316_14,1.0,1.0
contig_18316_11,1.0,1.0
contig_18555_1,1.0,1.0
contig_18555_2,1.0,1.0
contig_18555_3,1.0,1.0
contig_18339_12,1.0,1.0
contig_18553_4,1.0,1.0
contig_18553_5,1.0,1.0
contig_18553_2,1.0,1.0
contig_18553_3,1.0,1.0
contig_18553_1,1.0,1.0
contig_18558_1,1.0,1.0
contig_18314_16,1.0,1.0
contig_18558_3,1.0,1.0
contig_18558_2,1.0,1.0
contig_18314_13,1.0,1.0
contig_18314_12,1.0,1.0
contig_18314_11,1.0,1.0
contig_18314_10,1.0,1.0
contig_18337_8,1.0,1.0
contig_18337_9,1.0,1.0
contig_18273_22,1.0,1.0
contig_18273_23,1.0,1.0
contig_18273_20,1.0,1.0
contig_18273_21,1.0,1.0
contig_18273_24,1.0,1.0
contig_18273_25,1.0,1.0
contig_18512_1,0.0,0.0
contig_18337_6,1.0,1.0
contig_18337_7,1.0,1.0
contig_18519_1,1.0,1.0
contig_18519_2,1.0,1.0
contig_18519_3,1.0,1.0
contig_18335_8,1.0,1.0
contig_18335_9,1.0,1.0
contig_18342_6,1.0,1.0
contig_18439_4,1.0,1.0
contig_18439_3,1.0,1.0
contig_18439_2,1.0,1.0
contig_18312_11,1.0,1.0
contig_18312_10,1.0,1.0
contig_18312_12,1.0,1.0
contig_18439_1,1.0,1.0
contig_18342_4,1.0,0.0
contig_18310_13,1.0,1.0
contig_18310_12,1.0,1.0
contig_18310_11,1.0,0.0
contig_18310_10,1.0,1.0
contig_18310_15,1.0,1.0
contig_18310_14,1.0,1.0
contig_18342_5,1.0,0.0
contig_18342_3,1.0,1.0
contig_18499_1,1.0,1.0
contig_18499_3,1.0,1.0
contig_18499_2,1.0,1.0
contig_18499_4,1.0,1.0
contig_18403_1,1.0,1.0
contig_18348_1,1.0,1.0
contig_18348_2,1.0,1.0
contig_18403_3,1.0,1.0
contig_18348_4,1.0,1.0
contig_18348_5,1.0,1.0
contig_18348_6,1.0,1.0
contig_18348_7,1.0,1.0
contig_18348_8,1.0,1.0
contig_18288_20,1.0,1.0
contig_18403_5,1.0,1.0
contig_18346_2,1.0,1.0
contig_18346_3,1.0,1.0
contig_18346_1,1.0,1.0
contig_18346_6,1.0,1.0
contig_18269_4,1.0,1.0
contig_18346_4,1.0,1.0
contig_18346_5,1.0,1.0
contig_18346_8,1.0,1.0
contig_18389_5,1.0,0.0
contig_18389_4,1.0,0.0
contig_18389_7,1.0,1.0
contig_18389_6,1.0,0.0
contig_18389_1,1.0,0.0
contig_18389_3,1.0,0.0
contig_18389_2,1.0,1.0
contig_18389_9,1.0,1.0
contig_18389_8,1.0,1.0
contig_18293_14,1.0,1.0
contig_18293_11,1.0,1.0
contig_18293_10,1.0,1.0
contig_18293_13,1.0,1.0
contig_18293_12,1.0,1.0
contig_18274_18,1.0,1.0
contig_18274_19,1.0,1.0
contig_18338_7,1.0,0.0
contig_18274_12,1.0,1.0
contig_18274_13,1.0,1.0
contig_18274_10,1.0,1.0
contig_18274_11,1.0,1.0
contig_18274_16,1.0,1.0
contig_18274_17,1.0,1.0
contig_18274_14,1.0,1.0
contig_18274_15,0.0,1.0
contig_18271_24,1.0,1.0
contig_18354_10,1.0,1.0
contig_18265_37,1.0,1.0
contig_18265_34,0.0,1.0
contig_18343_1,1.0,1.0
contig_18291_17,1.0,1.0
contig_18291_16,1.0,1.0
contig_18291_15,1.0,1.0
contig_18291_14,1.0,1.0
contig_18291_13,1.0,1.0
contig_18291_12,1.0,1.0
contig_18291_11,1.0,1.0
contig_18291_10,1.0,1.0
contig_18341_9,1.0,1.0
contig_18271_20,1.0,1.0
contig_18291_19,1.0,0.0
contig_18291_18,0.0,0.0
contig_18309_9,1.0,1.0
contig_18265_30,1.0,1.0
contig_18309_5,1.0,1.0
contig_18309_4,1.0,1.0
contig_18309_7,1.0,1.0
contig_18271_23,1.0,1.0
contig_18309_1,1.0,1.0
contig_18309_3,1.0,1.0
contig_18309_2,1.0,1.0
contig_18272_32,1.0,1.0
contig_18272_33,1.0,1.0
contig_18272_30,1.0,1.0
contig_18272_31,1.0,0.0
contig_18272_34,1.0,1.0
contig_18382_2,1.0,1.0
contig_18382_3,1.0,1.0
contig_18303_1,1.0,1.0
contig_18382_1,1.0,1.0
contig_18382_6,1.0,1.0
contig_18382_7,1.0,1.0
contig_18382_4,1.0,1.0
contig_18382_5,1.0,1.0
contig_18382_8,1.0,1.0
contig_18382_9,1.0,1.0
contig_18461_2,1.0,1.0
contig_18380_4,1.0,1.0
contig_18380_5,1.0,1.0
contig_18380_6,1.0,1.0
contig_18380_7,1.0,1.0
contig_18301_1,1.0,1.0
contig_18380_1,1.0,1.0
contig_18380_2,1.0,1.0
contig_18380_3,1.0,1.0
contig_18461_4,1.0,1.0
contig_18301_9,1.0,1.0
contig_18301_8,1.0,1.0
contig_18461_5,1.0,1.0
contig_18386_6,1.0,1.0
contig_18386_7,1.0,1.0
contig_18386_4,1.0,1.0
contig_18386_5,1.0,1.0
contig_18386_2,1.0,1.0
contig_18386_3,1.0,1.0
contig_18307_1,1.0,1.0
contig_18386_1,1.0,1.0
contig_18343_7,1.0,1.0
contig_18343_6,0.0,1.0
contig_18343_5,1.0,1.0
contig_18343_4,0.0,1.0
contig_18343_3,1.0,1.0
contig_18279_13,1.0,1.0
contig_18386_8,1.0,1.0
contig_18386_9,1.0,1.0
contig_18384_8,1.0,1.0
contig_18305_8,1.0,1.0
contig_18348_9,1.0,1.0
contig_18305_1,1.0,1.0
contig_18384_1,0.0,1.0
contig_18384_2,1.0,1.0
contig_18384_3,1.0,0.0
contig_18384_4,1.0,1.0
contig_18384_5,1.0,1.0
contig_18384_6,1.0,1.0
contig_18384_7,1.0,1.0
contig_18297_11,1.0,0.0
contig_18297_10,1.0,0.0
contig_18297_13,1.0,1.0
contig_18297_12,1.0,1.0
contig_18297_14,1.0,1.0
contig_18433_3,1.0,1.0
contig_18346_7,1.0,1.0
contig_18433_2,1.0,1.0
contig_18318_9,1.0,1.0
contig_18433_4,1.0,1.0
contig_18266_2,1.0,1.0
contig_18295_13,1.0,1.0
contig_18295_12,0.0,1.0
contig_18295_11,1.0,0.0
contig_18295_10,1.0,0.0
contig_18295_17,1.0,1.0
contig_18295_16,1.0,1.0
contig_18295_15,1.0,1.0
contig_18295_14,1.0,1.0
contig_18308_4,1.0,1.0
contig_18308_5,1.0,1.0
contig_18308_6,1.0,1.0
contig_18308_7,1.0,1.0
contig_18308_1,1.0,1.0
contig_18308_2,1.0,1.0
contig_18308_3,1.0,1.0
contig_18308_8,1.0,1.0
contig_18308_9,1.0,1.0
contig_18318_3,1.0,1.0
contig_18266_8,1.0,1.0
contig_18466_3,1.0,1.0
contig_18285_1,1.0,1.0
contig_18285_2,1.0,1.0
contig_18285_3,1.0,1.0
contig_18285_4,1.0,1.0
contig_18285_5,1.0,1.0
contig_18285_6,1.0,1.0
contig_18285_7,1.0,0.0
contig_18285_8,1.0,0.0
contig_18285_9,1.0,0.0
contig_18421_1,1.0,1.0
contig_18421_2,1.0,1.0
contig_18421_3,1.0,1.0
contig_18464_5,1.0,1.0
contig_18464_4,1.0,1.0
contig_18464_6,1.0,0.0
contig_18464_3,1.0,1.0
contig_18464_2,1.0,1.0
contig_18427_6,1.0,1.0
contig_18427_4,1.0,1.0
contig_18427_5,1.0,1.0
contig_18427_2,1.0,1.0
contig_18427_3,1.0,1.0
contig_18427_1,1.0,1.0
contig_18462_2,0.0,0.0
contig_18462_1,0.0,0.0
contig_18460_1,1.0,0.0
contig_18460_3,1.0,1.0
contig_18460_2,1.0,1.0
contig_18460_5,1.0,1.0
contig_18460_4,1.0,1.0
contig_18459_2,1.0,1.0
contig_18283_8,1.0,1.0
contig_18283_9,1.0,1.0
contig_18283_2,1.0,1.0
contig_18283_3,1.0,1.0
contig_18469_2,1.0,1.0
contig_18283_1,1.0,1.0
contig_18283_6,1.0,1.0
contig_18283_7,1.0,1.0
contig_18283_4,1.0,1.0
contig_18283_5,1.0,1.0
contig_18276_14,1.0,1.0
contig_18276_15,1.0,1.0
contig_18276_16,1.0,1.0
contig_18276_17,1.0,1.0
contig_18281_8,1.0,1.0
contig_18281_9,1.0,1.0
contig_18276_12,1.0,1.0
contig_18276_13,1.0,1.0
contig_18281_4,1.0,1.0
contig_18281_5,1.0,1.0
contig_18281_6,1.0,1.0
contig_18281_7,1.0,1.0
contig_18276_18,1.0,1.0
contig_18281_1,1.0,1.0
contig_18281_2,0.0,1.0
contig_18281_3,1.0,1.0
contig_18286_12,1.0,1.0
contig_18287_8,1.0,1.0
contig_18287_9,1.0,1.0
contig_18287_6,1.0,1.0
contig_18287_7,1.0,1.0
contig_18287_4,1.0,1.0
contig_18287_5,1.0,1.0
contig_18287_2,1.0,1.0
contig_18287_3,1.0,1.0
contig_18461_1,1.0,1.0
contig_18423_2,1.0,1.0
contig_18423_3,1.0,1.0
contig_18423_1,1.0,1.0
contig_18423_4,1.0,1.0
contig_18423_5,1.0,1.0
contig_18428_9,1.0,1.0
contig_18428_8,1.0,1.0
contig_18428_5,1.0,1.0
contig_18428_4,1.0,1.0
contig_18428_7,1.0,1.0
contig_18428_6,0.0,1.0
contig_18428_1,1.0,1.0
contig_18428_3,1.0,1.0
contig_18428_2,1.0,1.0
contig_18461_3,1.0,1.0
contig_18541_3,1.0,1.0
contig_18541_2,1.0,1.0
contig_18541_1,1.0,1.0
contig_18347_7,1.0,1.0
contig_18543_4,1.0,1.0
contig_18543_3,1.0,1.0
contig_18543_2,0.0,1.0
contig_18426_6,0.0,1.0
contig_18424_1,0.0,1.0
contig_18424_3,1.0,1.0
contig_18424_2,1.0,1.0
contig_18424_5,1.0,1.0
contig_18424_4,1.0,1.0
contig_18424_6,1.0,1.0
contig_18268_21,1.0,1.0
contig_18270_18,1.0,1.0
contig_18270_19,1.0,1.0
contig_18270_16,1.0,1.0
contig_18288_9,1.0,1.0
contig_18270_14,1.0,1.0
contig_18270_15,1.0,1.0
contig_18270_12,1.0,1.0
contig_18270_13,1.0,1.0
contig_18270_10,1.0,1.0
contig_18288_8,1.0,1.0
contig_18549_1,1.0,1.0
contig_18426_1,1.0,1.0
contig_18506_4,1.0,1.0
contig_18506_1,1.0,1.0
contig_18506_2,1.0,1.0
contig_18506_3,1.0,1.0
contig_18292_12,1.0,1.0
contig_18292_13,1.0,1.0
contig_18292_10,1.0,1.0
contig_18292_11,0.0,1.0
contig_18338_11,1.0,0.0
contig_18338_10,1.0,1.0
contig_18292_14,1.0,1.0
contig_18500_4,1.0,1.0
contig_18500_2,1.0,1.0
contig_18268_28,1.0,1.0
contig_18500_1,1.0,1.0
contig_18465_2,1.0,1.0
contig_18465_3,1.0,1.0
contig_18527_1,1.0,1.0
contig_18546_1,1.0,1.0
contig_18546_2,0.0,1.0
contig_18546_3,1.0,1.0
contig_18546_4,1.0,1.0
contig_18327_15,1.0,1.0
contig_18327_14,1.0,1.0
contig_18327_16,1.0,1.0
contig_18504_2,1.0,1.0
contig_18327_11,1.0,1.0
contig_18504_1,1.0,1.0
contig_18504_4,1.0,1.0
contig_18327_13,1.0,1.0
contig_18327_12,1.0,1.0
contig_18509_5,1.0,1.0
contig_18509_4,1.0,1.0
contig_18509_3,1.0,1.0
contig_18509_2,1.0,1.0
contig_18509_1,1.0,1.0
contig_18542_4,1.0,1.0
contig_18542_5,1.0,0.0
contig_18542_1,1.0,1.0
contig_18542_2,1.0,1.0
contig_18542_3,1.0,1.0
contig_18525_1,1.0,1.0
contig_18433_1,1.0,1.0
contig_18544_1,1.0,1.0
contig_18314_6,1.0,1.0
contig_18314_5,1.0,1.0
contig_18483_3,1.0,1.0
contig_18314_3,1.0,1.0
contig_18315_10,1.0,1.0
contig_18315_11,0.0,1.0
contig_18315_12,0.0,1.0
contig_18315_13,1.0,1.0
contig_18314_1,1.0,1.0
contig_18503_1,1.0,0.0
contig_18503_3,1.0,0.0
contig_18503_2,1.0,0.0
contig_18503_4,1.0,1.0
contig_18432_7,1.0,1.0
contig_18468_1,0.0,0.0
contig_18313_14,1.0,1.0
contig_18313_12,1.0,1.0
contig_18313_13,1.0,1.0
contig_18313_10,1.0,1.0
contig_18313_11,1.0,1.0
contig_18468_3,1.0,1.0
contig_18341_2,1.0,0.0
contig_18468_5,1.0,1.0
contig_18468_4,1.0,1.0
contig_18468_7,1.0,1.0
contig_18468_6,1.0,1.0
contig_18341_8,1.0,1.0
contig_18338_6,1.0,1.0
contig_18340_1,1.0,1.0
contig_18309_8,1.0,1.0
contig_18276_21,1.0,1.0
contig_18276_20,1.0,1.0
contig_18276_23,0.0,1.0
contig_18276_22,1.0,1.0
contig_18276_25,1.0,1.0
contig_18276_24,1.0,1.0
contig_18276_27,0.0,1.0
contig_18276_26,1.0,1.0
contig_18309_6,1.0,1.0
contig_18340_3,1.0,1.0
contig_18311_10,1.0,1.0
contig_18311_11,1.0,1.0
contig_18311_12,1.0,1.0
contig_18311_13,1.0,1.0
contig_18375_5,1.0,1.0
contig_18570_3,1.0,1.0
contig_18570_2,1.0,1.0
contig_18570_1,1.0,1.0
contig_18572_4,1.0,1.0
contig_18572_1,1.0,1.0
contig_18341_10,1.0,1.0
contig_18572_3,1.0,1.0
contig_18572_2,1.0,1.0
contig_18341_1,1.0,1.0
contig_18269_29,1.0,1.0
contig_18325_13,1.0,1.0
contig_18325_12,1.0,1.0
contig_18325_11,1.0,1.0
contig_18269_28,1.0,1.0
contig_18574_4,1.0,1.0
contig_18574_3,1.0,1.0
contig_18574_2,1.0,1.0
contig_18574_1,1.0,1.0
contig_18576_1,1.0,1.0
contig_18576_2,1.0,1.0
contig_18331_2,1.0,1.0
contig_18331_3,1.0,0.0
contig_18331_4,1.0,1.0
contig_18331_5,1.0,1.0
contig_18331_6,1.0,1.0
contig_18437_4,1.0,0.0
contig_18331_8,1.0,1.0
contig_18331_9,1.0,1.0
contig_18278_15,1.0,1.0
contig_18341_3,1.0,0.0
contig_18269_23,1.0,1.0
contig_18269_22,1.0,1.0
contig_18422_3,1.0,1.0
contig_18422_2,1.0,1.0
contig_18437_2,0.0,1.0
contig_18466_4,1.0,1.0
contig_18301_14,1.0,1.0
contig_18370_5,1.0,1.0
contig_18370_4,1.0,1.0
contig_18370_7,1.0,1.0
contig_18370_6,0.0,1.0
contig_18370_1,1.0,1.0
contig_18370_3,1.0,1.0
contig_18370_2,1.0,1.0
contig_18337_2,1.0,1.0
contig_18337_3,1.0,1.0
contig_18314_17,1.0,1.0
contig_18337_1,1.0,1.0
contig_18370_9,1.0,1.0
contig_18370_8,1.0,1.0
contig_18337_4,1.0,1.0
contig_18337_5,1.0,1.0
contig_18376_7,1.0,1.0
contig_18376_6,1.0,1.0
contig_18376_5,1.0,1.0
contig_18376_4,1.0,1.0
contig_18376_3,1.0,1.0
contig_18376_2,1.0,1.0
contig_18376_1,1.0,1.0
contig_18335_4,0.0,1.0
contig_18335_5,1.0,1.0
contig_18335_6,1.0,1.0
contig_18335_7,1.0,1.0
contig_18335_1,1.0,1.0
contig_18335_2,1.0,1.0
contig_18335_3,1.0,1.0
contig_18422_8,1.0,1.0
contig_18333_8,1.0,1.0
contig_18333_9,1.0,1.0
contig_18333_6,1.0,1.0
contig_18333_7,1.0,1.0
contig_18333_4,1.0,1.0
contig_18333_5,1.0,1.0
contig_18333_2,1.0,1.0
contig_18333_3,1.0,1.0
contig_18341_4,1.0,0.0
contig_18333_1,1.0,1.0
contig_18431_4,1.0,1.0
contig_18338_1,1.0,0.0
contig_18303_3,1.0,1.0
contig_18338_3,1.0,1.0
contig_18338_5,0.0,1.0
contig_18338_4,1.0,1.0
contig_18314_15,1.0,1.0
contig_18303_2,1.0,1.0
contig_18338_9,1.0,1.0
contig_18338_8,1.0,0.0
contig_18341_7,1.0,0.0
contig_18348_12,0.0,1.0
contig_18348_10,1.0,1.0
contig_18348_11,1.0,1.0
contig_18303_7,1.0,1.0
contig_18303_6,1.0,1.0
contig_18303_5,1.0,1.0
contig_18341_6,1.0,0.0
contig_18303_4,1.0,1.0
contig_18372_3,1.0,1.0
contig_18372_2,1.0,1.0
contig_18372_1,1.0,1.0
contig_18372_7,1.0,1.0
contig_18372_6,1.0,1.0
contig_18372_5,1.0,1.0
contig_18372_4,1.0,1.0
contig_18372_8,1.0,1.0
contig_18303_9,1.0,1.0
contig_18303_8,1.0,1.0
contig_18379_4,1.0,1.0
contig_18487_4,1.0,1.0
contig_18379_1,1.0,0.0
contig_18379_2,0.0,0.0
contig_18379_3,1.0,1.0
contig_18301_5,1.0,1.0
contig_18301_4,1.0,1.0
contig_18301_7,1.0,1.0
contig_18529_4,1.0,1.0
contig_18301_6,1.0,1.0
contig_18429_1,1.0,1.0
contig_18301_3,1.0,1.0
contig_18301_2,1.0,1.0
contig_18470_2,1.0,1.0
contig_18470_3,1.0,1.0
contig_18470_1,1.0,1.0
contig_18470_6,1.0,1.0
contig_18470_7,1.0,0.0
contig_18470_4,1.0,1.0
contig_18470_5,1.0,1.0
contig_18375_1,1.0,1.0
contig_18375_2,1.0,1.0
contig_18375_3,1.0,1.0
contig_18375_4,1.0,1.0
contig_18318_10,1.0,1.0
contig_18375_6,1.0,1.0
contig_18375_7,1.0,1.0
contig_18375_8,1.0,1.0
contig_18375_9,1.0,1.0
contig_18437_5,0.0,0.0
contig_18307_7,1.0,1.0
contig_18437_1,1.0,1.0
contig_18437_3,1.0,1.0
contig_18307_6,1.0,1.0
contig_18478_2,1.0,1.0
contig_18478_3,1.0,1.0
contig_18478_1,1.0,1.0
contig_18307_5,0.0,1.0
contig_18478_4,1.0,1.0
contig_18478_5,1.0,1.0
contig_18431_7,1.0,1.0
contig_18431_6,1.0,1.0
contig_18431_5,1.0,1.0
contig_18307_4,0.0,1.0
contig_18431_3,1.0,1.0
contig_18431_2,1.0,1.0
contig_18431_1,1.0,1.0
contig_18307_3,1.0,1.0
contig_18307_2,1.0,1.0
contig_18343_9,1.0,1.0
contig_18343_8,1.0,1.0
contig_18328_10,1.0,1.0
contig_18328_11,1.0,1.0
contig_18328_12,1.0,1.0
contig_18325_1,1.0,1.0
